Rk,Player,Pos,Age,Tm,G,MP,PER,TS%,3PAr,FTr,ORB%,DRB%,TRB%,AST%,STL%,BLK%,TOV%,USG%,,OWS,DWS,WS,WS/48,,OBPM,DBPM,BPM,VORPâ–¼
1,Russell Westbrook\westbru01,PG,28,OKC,57,1974,29.5,.545,.269,.441,5.8,27.5,16.7,56.3,2.3,0.8,16.1,41.8,,5.1,3.1,8.2,.199,,9.8,4.3,14.1,8.0
2,James Harden\hardeja01,PG,27,HOU,59,2153,27.5,.615,.482,.581,3.6,21.3,12.4,50.8,2.0,1.0,19.8,34.3,,8.6,2.8,11.5,.255,,8.6,1.6,10.2,6.6
3,Kevin Durant\duranke01,SF,28,GSW,57,1945,27.6,.653,.303,.374,2.1,23.2,13.5,22.6,1.6,3.9,10.4,27.7,,7.7,3.7,11.3,.279,,5.5,2.7,8.2,5.0
4,LeBron James\jamesle01,SF,32,CLE,53,1989,26.3,.616,.250,.387,3.5,19.0,11.5,41.9,1.8,1.3,17.1,29.4,,6.7,2.4,9.1,.219,,6.3,1.8,8.1,5.0
5,Giannis Antetokounmpo\antetgi01,SF,22,MIL,54,1914,26.6,.606,.159,.456,6.2,21.3,13.9,26.4,2.5,4.9,13.5,28.3,,5.7,2.9,8.6,.216,,4.7,3.4,8.1,4.9
6,DeMarcus Cousins\couside01,C,26,TOT,56,1926,26.9,.563,.240,.487,7.2,29.0,18.1,27.8,2.1,3.7,13.1,37.3,,3.9,2.9,6.7,.168,,4.6,2.8,7.4,4.5
7,Kyle Lowry\lowryky01,PG,30,TOR,56,2111,23.0,.624,.510,.395,2.5,11.9,7.1,29.1,1.9,0.7,13.4,24.8,,7.6,1.7,9.4,.213,,7.3,-0.9,6.4,4.5
8,Kawhi Leonard\leonaka01,SF,25,SAS,51,1710,28.2,.619,.289,.418,4.1,15.5,10.0,17.6,2.7,1.8,9.0,31.0,,6.6,3.2,9.8,.274,,6.6,1.3,7.9,4.3
9,Stephen Curry\curryst01,PG,28,GSW,56,1870,24.2,.632,.553,.262,2.1,11.5,7.1,29.0,2.4,0.5,12.7,29.1,,6.3,2.6,8.9,.228,,7.3,-0.7,6.6,4.1
10,Jimmy Butler\butleji01,SF,27,CHI,51,1867,25.5,.589,.208,.582,4.8,14.0,9.3,23.1,2.5,0.6,9.3,27.2,,7.0,2.2,9.2,.236,,6.0,0.4,6.4,4.0
11,Draymond Green\greendr01,PF,26,GSW,54,1766,17.0,.534,.409,.327,4.8,21.3,13.7,27.8,3.1,3.6,20.0,15.6,,2.5,3.9,6.3,.172,,0.9,5.2,6.1,3.6
12,Rudy Gobert\goberru01,C,24,UTA,57,1910,22.1,.671,.002,.831,13.7,29.2,21.7,4.9,1.1,6.1,15.9,16.1,,5.3,4.4,9.7,.243,,0.7,4.6,5.3,3.5
13,Isaiah Thomas\thomais02,PG,27,BOS,53,1830,27.5,.629,.423,.444,1.8,6.9,4.4,33.8,1.1,0.2,10.0,34.2,,8.7,0.8,9.5,.248,,9.5,-3.9,5.7,3.5
14,Karl-Anthony Towns\townska01,C,21,MIN,57,2079,24.5,.595,.191,.301,10.8,27.2,18.9,14.3,0.9,3.4,11.6,27.4,,5.8,2.1,7.9,.183,,3.7,0.7,4.4,3.4
15,Marc Gasol\gasolma01,C,32,MEM,55,1891,21.4,.564,.226,.308,2.6,18.3,10.3,24.0,1.4,3.9,10.6,26.9,,3.8,2.9,6.7,.170,,2.6,2.4,5.0,3.3
16,Nikola Jokic\jokicni01,C,21,DEN,50,1345,26.1,.637,.155,.270,12.7,24.5,18.5,26.5,1.3,2.4,14.1,23.0,,5.2,1.0,6.3,.224,,6.3,1.5,7.8,3.3
17,Chris Paul\paulch01,PG,31,LAC,36,1112,27.2,.611,.399,.363,2.7,16.0,9.5,50.0,3.6,0.4,14.3,24.0,,4.8,1.7,6.5,.281,,8.2,1.5,9.7,3.3
18,Gordon Hayward\haywago01,SF,26,UTA,50,1732,22.9,.602,.330,.427,2.1,16.1,9.4,18.3,1.5,0.7,9.2,27.6,,5.4,2.5,7.9,.219,,4.5,0.4,4.9,3.0
19,Otto Porter\porteot01,SF,23,WAS,55,1862,18.1,.653,.440,.153,4.4,17.7,11.2,6.7,2.2,1.5,6.0,15.5,,4.9,2.5,7.4,.190,,3.3,1.2,4.5,3.0
20,John Wall\walljo01,PG,26,WAS,53,1940,23.0,.540,.187,.344,2.5,10.9,6.8,46.4,2.9,1.3,16.7,30.5,,3.7,2.5,6.2,.153,,3.5,0.7,4.1,3.0
21,Kemba Walker\walkeke02,PG,26,CHO,56,1926,21.0,.570,.384,.264,2.0,11.0,6.5,29.2,1.7,0.7,10.2,28.7,,3.8,2.0,5.8,.145,,5.0,-1.1,3.9,2.9
22,Eric Bledsoe\bledser01,PG,27,PHO,56,1861,21.5,.569,.298,.442,2.9,14.0,8.2,31.5,2.0,1.0,14.7,28.2,,4.2,1.2,5.4,.139,,4.4,-0.5,3.9,2.8
23,Mike Conley\conlemi01,PG,29,MEM,46,1503,22.0,.584,.403,.350,1.8,10.7,6.2,34.6,2.1,1.0,12.1,26.1,,4.2,1.8,6.1,.193,,5.5,-0.3,5.2,2.7
24,Anthony Davis\davisan02,C,23,NOP,54,1960,27.2,.577,.080,.435,6.5,28.2,17.2,11.7,1.7,5.6,9.9,32.6,,3.8,3.7,7.6,.185,,1.0,2.5,3.6,2.7
25,DeAndre Jordan\jordade01,C,28,LAC,57,1782,20.9,.661,.003,.737,12.8,35.1,24.2,5.8,0.9,4.4,14.4,15.2,,4.4,3.3,7.7,.206,,0.3,3.0,3.3,2.4
26,Paul Millsap\millspa01,PF,31,ATL,53,1810,18.3,.537,.259,.384,5.6,19.6,12.7,18.0,2.1,2.4,11.5,24.2,,2.1,3.0,5.1,.136,,0.8,2.4,3.1,2.3
27,Damian Lillard\lillada01,PG,26,POR,52,1864,22.2,.573,.375,.366,2.0,13.2,7.5,27.7,1.0,0.7,10.3,30.7,,5.2,0.7,5.9,.152,,5.2,-2.4,2.8,2.2
28,Trevor Ariza\arizatr01,SF,31,HOU,59,2036,12.6,.546,.703,.131,2.2,15.8,9.0,9.0,2.7,0.6,7.9,14.3,,2.0,2.6,4.7,.110,,0.9,1.2,2.0,2.1
29,Blake Griffin\griffbl01,PF,27,LAC,37,1233,23.3,.550,.062,.419,7.1,21.3,14.4,26.5,1.6,1.3,10.8,29.3,,2.9,1.6,4.5,.173,,2.8,1.8,4.7,2.1
30,Lucas Nogueira\noguelu01,C,24,TOR,48,1037,16.0,.701,.060,.444,8.6,16.6,12.6,5.2,2.3,7.1,19.2,9.6,,1.9,1.7,3.5,.164,,0.4,5.2,5.6,2.0
31,Goran Dragic\dragigo01,PG,30,MIA,49,1680,19.4,.584,.252,.331,2.4,10.0,6.2,31.0,1.5,0.4,15.3,26.6,,3.3,1.6,4.9,.139,,3.3,-1.0,2.4,1.9
32,Kyrie Irving\irvinky01,PG,24,CLE,50,1755,21.8,.569,.314,.222,2.4,7.3,4.9,29.7,1.8,0.6,11.0,30.1,,4.6,1.3,5.9,.162,,4.2,-1.9,2.3,1.9
33,Mason Plumlee\plumlma01,C,26,TOT,56,1572,18.6,.554,.013,.523,8.5,22.9,15.6,21.1,1.6,3.3,14.3,18.1,,2.8,1.7,4.4,.136,,0.2,2.7,2.9,1.9
34,Jeff Teague\teaguje01,PG,28,IND,57,1856,19.6,.576,.252,.471,1.5,12.6,7.2,37.8,2.1,1.2,17.3,22.2,,3.8,1.7,5.6,.144,,2.4,-0.3,2.1,1.9
35,Nicolas Batum\batumni01,SG,28,CHO,54,1874,15.6,.537,.408,.311,2.2,19.5,10.9,27.3,1.5,1.0,16.0,21.4,,1.3,2.4,3.7,.094,,0.6,1.2,1.8,1.8
36,Al Horford\horfoal01,C,30,BOS,45,1481,17.6,.541,.342,.155,4.6,17.9,11.2,23.7,1.1,3.8,11.3,20.6,,2.2,1.6,3.8,.125,,1.1,1.8,2.8,1.8
37,Dwight Howard\howardw01,C,31,ATL,51,1504,22.0,.641,.005,.652,16.2,32.1,24.2,6.8,1.5,3.6,16.4,18.8,,3.3,3.0,6.3,.203,,0.2,2.5,2.7,1.8
38,C.J. McCollum\mccolcj01,SG,25,POR,57,1972,20.4,.590,.328,.211,2.6,9.2,5.8,18.8,1.5,1.4,10.6,28.1,,4.3,0.9,5.2,.126,,3.8,-2.2,1.6,1.8
39,Bradley Beal\bealbr01,SG,23,WAS,51,1757,19.6,.598,.434,.268,2.0,7.4,4.8,17.1,1.5,0.6,9.9,26.4,,4.4,1.3,5.6,.154,,4.2,-2.4,1.9,1.7
40,Kentavious Caldwell-Pope\caldwke01,SG,23,DET,53,1802,13.9,.533,.459,.195,2.5,8.9,5.6,12.4,1.9,0.4,8.3,19.5,,1.9,1.9,3.8,.101,,1.6,0.3,1.8,1.7
41,Lou Williams\willilo02,SG,30,TOT,59,1428,24.3,.612,.436,.461,1.1,9.4,5.1,22.7,2.2,0.6,11.8,30.6,,4.6,0.7,5.3,.177,,5.8,-3.2,2.6,1.7
42,Patrick Beverley\beverpa01,SG,28,HOU,45,1373,13.5,.553,.516,.117,4.8,16.2,10.5,20.1,2.4,1.1,15.0,14.1,,2.1,1.8,3.9,.135,,1.0,1.7,2.7,1.6
43,Gorgui Dieng\dienggo01,PF,27,MIN,57,1825,14.2,.557,.061,.220,8.1,20.7,14.3,8.6,1.6,2.9,12.4,14.5,,2.2,1.8,4.0,.105,,-0.6,2.0,1.4,1.6
44,Paul George\georgpa01,SF,26,IND,50,1786,18.6,.570,.344,.279,2.7,16.4,9.7,15.5,2.2,0.8,12.7,28.1,,1.8,1.9,3.7,.100,,2.0,-0.5,1.5,1.6
45,Marcin Gortat\gortama01,C,32,WAS,55,1898,16.3,.614,.002,.226,10.7,26.3,18.6,6.6,0.8,2.5,13.6,14.4,,3.4,2.5,6.0,.151,,-0.3,1.8,1.4,1.6
46,Danny Green\greenda02,SG,29,SAS,48,1282,10.9,.574,.721,.057,1.6,12.0,7.0,9.3,2.0,2.4,13.9,13.2,,0.7,2.1,2.8,.104,,0.6,2.4,3.0,1.6
47,Joe Ingles\inglejo01,SF,29,UTA,57,1253,13.1,.629,.618,.168,1.0,13.2,7.3,16.3,2.8,0.3,17.5,13.7,,1.6,2.1,3.7,.142,,1.2,2.0,3.2,1.6
48,James Johnson\johnsja01,PF,29,MIA,52,1381,16.6,.576,.346,.281,3.6,16.9,10.2,19.8,1.7,3.2,17.5,21.5,,1.2,2.0,3.2,.111,,0.4,2.1,2.5,1.6
49,Tristan Thompson\thomptr01,C,25,CLE,56,1682,15.7,.590,.009,.513,14.3,21.4,17.9,4.0,0.9,3.1,10.1,11.3,,3.6,2.1,5.7,.163,,0.0,1.8,1.9,1.6
50,Myles Turner\turnemy01,C,20,IND,56,1732,19.2,.597,.150,.385,5.9,20.0,13.0,5.9,1.3,5.9,9.9,21.0,,3.1,2.4,5.5,.151,,-0.2,1.9,1.7,1.6
51,Jae Crowder\crowdja01,SF,26,BOS,47,1527,15.3,.622,.559,.254,2.2,15.9,9.1,9.9,1.6,0.9,8.3,16.6,,3.0,1.4,4.4,.139,,2.0,-0.1,1.9,1.5
52,George Hill\hillge01,PG,30,UTA,32,1011,20.1,.594,.387,.324,2.1,10.3,6.3,22.4,1.6,0.6,9.1,24.1,,2.9,1.3,4.2,.199,,4.3,-0.3,4.0,1.5
53,Andre Iguodala\iguodan01,SF,33,GSW,55,1412,12.8,.593,.453,.215,3.2,12.9,8.4,16.4,1.7,1.2,12.0,10.4,,2.5,1.9,4.3,.147,,0.8,1.5,2.3,1.5
54,Brook Lopez\lopezbr01,C,28,BRK,51,1509,21.3,.579,.328,.325,5.7,12.7,9.3,16.0,0.9,4.5,11.7,29.3,,2.5,1.0,3.5,.113,,2.3,-0.3,2.0,1.5
55,Thaddeus Young\youngth01,PF,28,IND,49,1524,15.0,.573,.239,.136,5.5,16.4,11.0,8.1,2.9,1.4,13.1,16.6,,1.1,2.0,3.0,.096,,0.0,1.8,1.8,1.5
56,Pau Gasol\gasolpa01,C,36,SAS,39,1029,18.9,.558,.118,.277,6.7,26.8,17.1,16.1,0.8,3.6,10.7,20.1,,1.7,1.9,3.6,.170,,0.1,3.2,3.3,1.4
57,Jrue Holiday\holidjr01,PG,26,NOP,43,1394,17.8,.544,.300,.217,2.5,10.7,6.5,37.8,2.4,1.5,17.6,24.5,,0.9,1.6,2.5,.087,,1.6,0.2,1.9,1.4
58,Tyler Johnson\johnsty01,PG,24,MIA,49,1506,15.8,.524,.302,.309,2.5,12.8,7.6,16.4,2.0,1.8,7.4,20.6,,2.0,1.9,3.9,.125,,0.7,1.0,1.7,1.4
59,Dwyane Wade\wadedw01,SG,35,CHI,48,1458,19.8,.510,.152,.298,3.9,12.5,8.1,22.9,2.6,1.9,10.5,30.0,,1.3,1.9,3.2,.105,,1.3,0.5,1.8,1.4
60,LaMarcus Aldridge\aldrila01,PF,31,SAS,51,1649,18.9,.541,.052,.305,8.4,17.1,12.8,10.6,0.9,2.9,8.2,24.6,,2.9,2.6,5.4,.158,,0.0,1.1,1.1,1.3
61,Tobias Harris\harrito02,PF,24,DET,58,1840,16.8,.576,.294,.197,1.9,16.3,9.0,8.3,1.0,1.3,8.3,21.9,,2.7,2.0,4.8,.125,,0.9,0.0,0.9,1.3
62,David Lee\leeda02,PF,33,SAS,55,1023,18.8,.620,.000,.287,11.2,22.5,17.0,13.5,1.1,1.8,14.5,17.0,,2.4,1.7,4.1,.193,,1.0,2.1,3.2,1.3
63,Jon Leuer\leuerjo01,PF,27,DET,52,1420,15.7,.588,.276,.186,5.4,18.2,11.7,9.5,0.8,1.2,8.7,17.0,,2.7,1.5,4.2,.142,,0.9,0.8,1.7,1.3
64,Kevin Love\loveke01,PF,28,CLE,46,1466,22.0,.582,.455,.366,8.9,28.8,19.1,9.6,1.4,0.9,11.0,26.6,,3.6,2.1,5.6,.184,,2.3,-0.7,1.6,1.3
65,Greg Monroe\monrogr01,C,26,MIL,54,1178,22.2,.578,.004,.361,10.5,24.7,17.7,16.2,2.9,2.0,13.6,23.9,,2.2,1.8,4.0,.162,,0.8,1.7,2.5,1.3
66,Dwight Powell\poweldw01,C,25,DAL,56,1025,19.1,.597,.091,.376,8.5,19.7,13.8,6.9,2.8,2.9,5.9,15.7,,2.5,1.6,4.1,.192,,0.0,2.8,2.9,1.3
67,Robert Covington\covinro01,SF,26,PHI,50,1554,12.2,.515,.578,.222,5.1,16.8,10.9,8.0,3.0,2.3,14.4,18.7,,-0.5,2.4,1.9,.059,,-1.0,2.2,1.1,1.2
68,Seth Curry\curryse01,PG,26,DAL,52,1468,14.8,.580,.456,.121,1.7,9.3,5.3,16.3,2.2,0.4,10.9,18.9,,1.8,1.3,3.1,.100,,1.3,-0.1,1.2,1.2
69,Andre Drummond\drumman01,C,23,DET,57,1731,21.4,.526,.009,.360,14.6,36.2,25.2,5.5,2.8,3.2,13.1,23.5,,1.0,4.0,4.9,.136,,-2.1,2.9,0.8,1.2
70,JaMychal Green\greenja01,PF,26,MEM,56,1599,13.0,.586,.283,.344,8.6,20.9,14.6,6.8,1.3,1.7,14.3,14.2,,2.1,2.3,4.4,.132,,-0.6,1.7,1.1,1.2
71,Wesley Matthews\matthwe02,SG,30,DAL,53,1874,13.2,.548,.558,.212,0.7,11.8,6.0,11.7,1.6,0.5,8.5,20.5,,1.4,1.5,3.0,.076,,0.9,-0.4,0.5,1.2
72,Zaza Pachulia\pachuza01,C,32,GSW,45,844,16.0,.594,.000,.476,13.4,21.1,17.5,13.4,2.4,2.1,20.3,14.3,,1.6,1.6,3.2,.183,,0.1,3.3,3.5,1.2
73,P.J. Tucker\tuckepj01,SF,31,PHO,57,1627,10.8,.518,.385,.218,6.1,17.4,11.6,6.2,2.6,0.7,11.8,11.4,,1.1,1.4,2.5,.073,,-0.6,1.6,1.0,1.2
74,Nikola Vucevic\vucevni01,C,26,ORL,56,1601,18.5,.499,.070,.165,8.2,30.9,19.2,17.3,1.7,2.8,10.7,24.6,,0.4,2.4,2.8,.083,,-1.6,2.6,0.9,1.2
75,Steven Adams\adamsst01,C,23,OKC,55,1695,17.0,.600,.004,.369,12.6,15.9,14.2,5.6,1.7,2.8,16.3,16.8,,2.5,2.2,4.7,.133,,-0.7,1.2,0.5,1.1
76,DeMarre Carroll\carrode01,SF,30,TOR,52,1418,12.7,.544,.573,.204,3.7,13.1,8.4,5.3,2.2,1.2,7.7,15.8,,1.6,1.4,3.0,.100,,1.0,0.0,1.0,1.1
77,Joel Embiid\embiijo01,C,22,PHI,31,786,24.2,.584,.228,.569,8.5,25.6,17.0,16.4,1.7,7.8,17.9,36.2,,0.5,1.5,2.0,.121,,0.2,3.4,3.6,1.1
78,Serge Ibaka\ibakase01,PF,27,ORL,56,1710,17.6,.569,.304,.129,6.3,18.6,12.3,5.9,1.0,4.3,8.2,21.0,,2.2,1.9,4.0,.113,,0.1,0.6,0.6,1.1
79,Amir Johnson\johnsam01,PF,29,BOS,56,1104,15.3,.623,.169,.265,9.1,16.9,13.0,12.9,1.4,2.8,14.4,13.7,,2.3,1.2,3.5,.151,,0.3,1.7,2.0,1.1
80,Patty Mills\millspa02,PG,28,SAS,55,1170,15.9,.589,.535,.131,1.8,7.7,4.9,23.6,2.0,0.0,13.6,20.2,,2.0,1.5,3.5,.145,,2.8,-1.2,1.6,1.1
81,Joakim Noah\noahjo01,C,31,NYK,46,1015,15.1,.495,.005,.390,16.7,25.5,21.1,13.9,1.5,2.9,19.8,12.4,,1.1,1.1,2.2,.105,,-0.6,2.8,2.2,1.1
82,Kyle O'Quinn\oquinky01,PF,26,NYK,56,859,20.6,.554,.030,.178,14.4,25.0,19.7,12.3,1.4,7.0,14.4,18.7,,1.4,1.2,2.6,.146,,-0.4,3.3,2.9,1.1
83,Cody Zeller\zelleco01,PF,24,CHO,39,1044,17.2,.621,.000,.473,9.3,16.7,13.0,8.7,1.4,3.4,12.6,16.6,,2.1,1.5,3.6,.166,,-0.1,2.2,2.0,1.1
84,Trevor Booker\booketr01,PF,29,BRK,51,1335,16.2,.563,.132,.213,8.6,25.7,17.3,13.6,2.3,1.2,17.0,17.8,,1.0,1.6,2.6,.092,,-1.2,2.1,0.9,1.0
85,Vince Carter\cartevi01,SG,40,MEM,50,1202,11.8,.526,.590,.250,2.3,13.2,7.6,11.7,1.7,2.1,6.8,15.4,,1.3,1.6,2.8,.113,,0.1,1.1,1.2,1.0
86,Marcus Morris\morrima03,SF,27,DET,57,1886,12.9,.515,.363,.173,3.0,13.1,7.9,9.5,1.2,0.7,7.3,20.0,,1.3,1.9,3.1,.080,,0.0,0.1,0.2,1.0
87,Jabari Parker\parkeja01,PF,21,MIL,51,1728,19.0,.563,.219,.268,5.4,15.2,10.4,13.9,1.5,1.1,9.2,26.1,,2.8,1.3,4.1,.114,,1.7,-1.5,0.2,1.0
88,Thabo Sefolosha\sefolth01,SF,32,ATL,44,1137,12.6,.532,.273,.197,3.4,14.7,9.2,8.9,3.2,1.7,11.5,13.7,,0.5,1.9,2.5,.104,,-1.8,3.1,1.4,1.0
89,Tony Allen\allento01,SG,35,MEM,49,1366,12.9,.489,.074,.251,9.3,13.8,11.5,7.1,3.3,1.7,13.7,17.8,,-0.1,2.3,2.2,.077,,-2.3,2.9,0.6,0.9
90,Carmelo Anthony\anthoca01,SF,32,NYK,57,1946,19.0,.543,.299,.265,2.7,16.2,9.4,15.0,1.2,1.1,8.9,29.6,,3.2,1.1,4.3,.105,,2.1,-2.3,-0.2,0.9
91,Dewayne Dedmon\dedmode01,C,27,SAS,50,865,17.1,.649,.000,.365,11.0,31.2,21.4,4.7,1.6,3.9,14.1,12.6,,1.7,2.0,3.7,.207,,-1.0,3.2,2.2,0.9
92,DeMar DeRozan\derozde01,SG,27,TOR,50,1775,23.8,.547,.071,.407,3.1,13.9,8.4,19.3,1.6,0.4,8.6,34.2,,4.3,1.4,5.7,.153,,1.8,-1.8,0.0,0.9
93,Danilo Gallinari\gallida01,SF,28,DEN,45,1534,16.0,.605,.410,.521,1.8,14.5,8.1,9.6,1.0,0.6,9.0,19.3,,3.9,0.3,4.2,.132,,2.2,-1.9,0.3,0.9
94,Larry Nance Jr.\nancela02,PF,24,LAL,39,869,15.8,.585,.062,.224,8.2,19.0,13.4,10.2,2.6,2.3,13.2,13.1,,1.3,0.9,2.2,.122,,-0.3,2.2,1.9,0.9
95,Ricky Rubio\rubiori01,PG,26,MIN,51,1637,15.2,.530,.361,.462,3.3,10.6,6.9,36.2,2.8,0.3,22.4,14.9,,2.4,1.3,3.7,.108,,0.9,-0.6,0.3,0.9
96,Marreese Speights\speigma01,C,29,LAC,57,938,19.5,.598,.492,.301,7.7,23.2,15.7,8.5,1.0,2.4,8.7,24.4,,2.4,1.2,3.7,.188,,2.7,-1.0,1.7,0.9
97,Klay Thompson\thompkl01,SG,26,GSW,55,1875,17.0,.598,.461,.162,2.3,9.2,6.0,9.1,1.1,1.0,8.8,25.5,,2.8,1.9,4.8,.122,,2.1,-2.2,-0.1,0.9
98,Will Barton\bartowi01,SG,26,DEN,43,1254,15.8,.551,.333,.293,4.3,13.6,8.9,17.4,1.4,1.4,11.8,20.7,,2.0,0.5,2.5,.095,,1.5,-0.9,0.5,0.8
99,James Ennis\ennisja01,SF,26,MEM,44,1118,11.2,.608,.430,.347,5.7,13.4,9.5,6.1,1.6,1.3,14.7,13.2,,1.3,1.4,2.7,.116,,-0.4,1.2,0.8,0.8
100,Kenneth Faried\farieke01,PF,27,DEN,48,1062,20.3,.600,.016,.528,15.5,24.1,19.8,6.0,1.6,2.6,11.2,17.4,,2.8,0.9,3.7,.168,,1.1,0.0,1.1,0.8
101,Manu Ginobili\ginobma01,SG,39,SAS,49,904,14.1,.531,.505,.265,2.3,11.6,7.1,19.5,3.0,1.3,15.5,20.9,,0.5,1.6,2.1,.110,,0.4,1.3,1.7,0.8
102,Maurice Harkless\harklma01,SF,23,POR,53,1543,13.0,.553,.338,.160,6.1,11.8,8.9,5.4,2.0,2.6,11.0,16.2,,1.2,1.2,2.4,.073,,-0.4,0.5,0.1,0.8
103,Michael Kidd-Gilchrist\kiddgmi01,SF,23,CHO,56,1672,13.3,.510,.018,.315,7.2,20.1,13.7,7.0,1.4,3.0,7.8,14.4,,1.4,2.4,3.9,.111,,-2.7,2.5,-0.2,0.8
104,Kyle Korver\korveky01,SG,35,TOT,52,1408,12.4,.638,.670,.087,0.6,11.0,5.9,9.9,1.1,1.1,12.2,14.8,,1.8,1.2,3.1,.105,,0.8,-0.5,0.3,0.8
105,Zach LaVine\lavinza01,SG,21,MIN,47,1749,14.7,.576,.437,.197,1.2,9.6,5.3,12.9,1.2,0.5,9.9,21.7,,2.6,0.6,3.2,.088,,2.2,-2.3,-0.1,0.8
106,Courtney Lee\leeco01,SG,31,NYK,53,1666,12.0,.568,.404,.111,2.6,8.7,5.6,9.7,1.4,0.8,7.5,13.7,,2.4,0.5,2.9,.084,,0.8,-0.9,-0.1,0.8
107,Mike Muscala\muscami01,C,25,ATL,50,984,14.6,.603,.311,.198,6.9,13.6,10.3,10.4,1.2,2.8,12.9,15.2,,1.5,1.2,2.7,.131,,-0.2,1.3,1.2,0.8
108,Nerlens Noel\noelne01,C,22,PHI,29,564,20.9,.634,.006,.360,9.0,19.2,14.1,9.2,3.6,3.7,12.5,17.9,,1.1,1.1,2.2,.187,,0.3,3.7,4.0,0.8
109,Kelly Olynyk\olynyke01,C,25,BOS,50,1077,15.8,.616,.417,.236,4.7,20.4,12.6,14.5,1.5,1.5,14.1,18.6,,1.7,1.2,2.9,.131,,0.8,0.3,1.1,0.8
110,Patrick Patterson\pattepa01,PF,27,TOR,40,1090,10.5,.522,.665,.160,4.8,17.7,11.2,7.2,1.4,1.3,9.2,12.4,,1.0,1.0,2.0,.087,,0.4,0.5,0.9,0.8
111,Kristaps Porzingis\porzikr01,PF,21,NYK,50,1635,17.2,.549,.332,.256,5.4,17.6,11.5,6.4,1.1,4.8,9.7,24.0,,2.0,1.5,3.4,.101,,0.2,-0.2,0.0,0.8
112,Iman Shumpert\shumpim01,SG,26,CLE,52,1320,10.3,.563,.584,.201,2.6,10.0,6.4,8.3,1.9,0.9,12.3,13.6,,1.1,1.2,2.3,.083,,-0.1,0.5,0.4,0.8
113,Marcus Smart\smartma01,PG,22,BOS,54,1678,12.1,.493,.435,.298,3.4,10.7,7.1,21.2,2.8,1.0,16.4,18.2,,0.3,1.8,2.1,.060,,-1.0,0.8,-0.1,0.8
114,Clint Capela\capelca01,C,22,HOU,44,1019,21.1,.640,.000,.320,11.2,24.5,17.9,6.2,1.0,4.9,11.7,19.6,,2.4,1.5,3.9,.183,,-0.5,1.2,0.7,0.7
115,Rudy Gay\gayru01,SF,30,SAC,30,1013,18.0,.559,.256,.312,4.0,17.8,10.9,14.1,2.3,2.4,12.8,25.7,,0.9,1.1,2.0,.093,,0.2,0.5,0.7,0.7
116,Montrezl Harrell\harremo01,PF,23,HOU,47,892,19.5,.659,.010,.339,8.8,13.4,11.1,10.4,1.0,3.1,10.7,18.0,,2.6,0.9,3.5,.189,,1.0,0.3,1.3,0.7
117,Luc Mbah a Moute\mbahalu01,PF,30,LAC,55,1230,10.0,.568,.308,.243,3.5,8.2,5.9,2.5,2.3,1.8,10.7,11.8,,0.7,1.3,2.1,.080,,-1.1,1.5,0.4,0.7
118,Elfrid Payton\paytoel01,PG,22,ORL,59,1713,15.3,.505,.193,.213,2.9,11.5,7.1,31.8,1.9,1.3,14.5,21.9,,0.7,1.4,2.2,.061,,-0.3,-0.1,-0.4,0.7
119,Garrett Temple\templga01,SG,30,SAC,49,1301,11.2,.561,.515,.202,2.4,9.3,5.9,12.7,2.3,1.6,13.0,13.3,,1.1,1.0,2.0,.075,,-0.1,0.4,0.2,0.7
120,Nick Young\youngni01,SG,31,LAL,51,1351,15.1,.601,.652,.158,1.9,7.9,4.8,6.5,1.2,0.8,4.9,19.4,,3.0,0.2,3.3,.117,,3.3,-3.2,0.1,0.7
121,Kyle Anderson\anderky01,SG,23,SAS,51,671,11.9,.523,.194,.355,3.5,18.6,11.3,11.0,2.5,2.4,15.8,11.5,,0.3,1.3,1.7,.118,,-2.4,3.7,1.4,0.6
122,Ryan Anderson\anderry01,PF,28,HOU,56,1719,13.6,.587,.629,.211,6.0,12.1,9.1,4.5,0.8,0.6,7.0,17.7,,3.2,1.2,4.4,.123,,1.7,-2.2,-0.6,0.6
123,Davis Bertans\bertada01,PF,24,SAS,48,556,13.0,.606,.729,.194,3.2,10.3,6.8,8.8,1.3,3.0,10.6,15.3,,0.8,0.8,1.6,.142,,1.4,0.6,2.0,0.6
124,Avery Bradley\bradlav01,SG,26,BOS,36,1257,15.5,.561,.345,.117,3.6,18.6,11.1,11.3,1.9,0.5,10.3,22.5,,1.0,1.3,2.3,.087,,0.2,-0.3,-0.1,0.6
125,Raymond Felton\feltora01,PG,32,LAC,55,1257,12.1,.516,.294,.112,2.6,11.8,7.3,17.7,1.9,1.2,13.0,17.1,,0.6,1.3,1.9,.074,,-0.9,0.7,-0.2,0.6
126,Gary Harris\harriga01,SG,22,DEN,33,952,15.7,.582,.386,.217,3.2,9.0,6.1,13.0,2.0,0.5,10.2,19.2,,1.7,0.3,2.0,.103,,2.2,-1.7,0.5,0.6
127,Ersan Ilyasova\ilyaser01,PF,29,TOT,56,1509,15.1,.551,.467,.214,5.3,18.8,12.0,11.3,1.2,0.8,10.1,23.3,,1.3,1.5,2.8,.088,,0.7,-1.1,-0.4,0.6
128,Robin Lopez\lopezro01,C,28,CHI,57,1594,15.0,.509,.002,.143,13.1,13.7,13.4,5.4,0.3,4.4,9.7,16.6,,1.6,1.5,3.2,.095,,-1.4,0.9,-0.5,0.6
129,Rodney McGruder\mcgruro01,SG,25,MIA,53,1390,8.8,.494,.473,.165,5.6,8.8,7.2,8.2,1.4,0.6,9.6,12.0,,0.7,1.2,2.0,.068,,-0.9,0.6,-0.3,0.6
130,Andre Roberson\roberan03,SF,25,OKC,57,1745,9.0,.487,.417,.247,4.2,14.3,9.3,4.4,1.9,2.6,9.0,10.3,,0.4,2.2,2.6,.071,,-2.7,2.0,-0.7,0.6
131,Terrence Ross\rosste01,SF,25,TOT,55,1240,14.7,.551,.532,.107,1.4,11.8,6.5,5.8,2.3,1.4,6.1,19.8,,1.5,1.2,2.7,.103,,1.1,-1.2,-0.1,0.6
132,David West\westda01,PF,36,GSW,43,495,16.8,.580,.029,.254,6.5,18.8,13.1,24.4,2.8,3.4,21.9,17.1,,0.7,1.0,1.7,.161,,-1.2,3.7,2.5,0.6
133,Tyson Chandler\chandty01,C,34,PHO,47,1298,16.8,.703,.000,.544,12.8,33.7,22.9,3.3,1.2,1.5,19.2,11.4,,2.8,1.3,4.1,.151,,-0.7,0.3,-0.3,0.5
134,Wilson Chandler\chandwi01,SF,29,DEN,51,1573,15.1,.537,.327,.205,5.6,19.0,12.2,10.5,1.3,1.1,10.6,22.3,,1.6,0.8,2.4,.073,,0.4,-1.3,-0.9,0.5
135,Sam Dekker\dekkesa01,SF,22,HOU,59,1163,13.9,.558,.438,.152,7.7,14.0,10.9,8.0,1.4,1.3,8.6,15.8,,1.7,1.1,2.8,.117,,0.2,-0.5,-0.4,0.5
136,Eric Gordon\gordoer01,SG,28,HOU,53,1616,14.5,.569,.655,.162,1.2,8.4,4.8,14.0,1.0,1.4,10.3,23.7,,2.1,1.1,3.2,.096,,1.8,-2.6,-0.9,0.5
137,Solomon Hill\hillso01,SF,25,NOP,56,1593,8.2,.538,.565,.268,1.9,11.7,6.8,8.7,1.5,1.2,13.7,11.2,,0.4,1.5,1.9,.056,,-1.9,1.3,-0.6,0.5
138,Joe Johnson\johnsjo02,SF,35,UTA,56,1260,12.4,.545,.410,.123,2.2,12.9,7.7,12.4,0.8,0.6,10.1,18.1,,1.1,1.5,2.6,.098,,-0.4,-0.2,-0.5,0.5
139,Enes Kanter\kanteen01,C,24,OKC,47,1015,24.5,.615,.066,.382,13.3,20.9,17.1,8.6,1.0,2.5,12.1,26.3,,3.0,1.3,4.2,.200,,1.2,-1.3,-0.1,0.5
140,Salah Mejri\mejrisa01,C,30,DAL,50,667,14.9,.687,.023,.391,11.9,29.2,20.1,2.3,2.0,6.6,22.7,9.4,,1.0,1.3,2.3,.165,,-3.4,4.4,1.0,0.5
141,Markieff Morris\morrima02,PF,27,WAS,53,1700,14.4,.542,.226,.268,5.3,18.5,12.0,8.3,1.8,1.5,12.1,21.4,,1.2,2.2,3.4,.096,,-1.2,0.4,-0.8,0.5
142,Julius Randle\randlju01,PF,22,LAL,50,1412,15.6,.538,.046,.368,6.8,24.8,15.5,20.2,1.2,1.2,17.0,21.9,,1.0,1.0,2.0,.068,,-1.2,0.7,-0.6,0.5
143,J.J. Redick\redicjj01,SG,32,LAC,54,1528,14.2,.586,.527,.204,0.8,7.6,4.3,7.3,1.3,0.4,9.3,22.3,,1.9,1.0,2.9,.092,,1.7,-2.3,-0.6,0.5
144,D'Angelo Russell\russeda01,PG,20,LAL,42,1112,15.3,.507,.441,.231,2.2,13.6,7.7,28.9,2.2,1.0,15.9,26.8,,0.1,0.7,0.7,.032,,0.9,-1.2,-0.4,0.5
145,Dennis Schroder\schrode01,PG,23,ATL,56,1728,16.5,.541,.244,.231,1.8,8.4,5.2,35.3,1.3,0.4,15.9,27.3,,1.4,1.5,2.9,.081,,1.0,-1.9,-0.9,0.5
146,Marvin Williams\willima02,PF,30,CHO,51,1463,12.5,.530,.509,.179,3.5,17.3,10.5,6.6,1.2,1.7,6.7,17.3,,0.9,1.7,2.7,.087,,-0.8,0.1,-0.7,0.5
147,Cole Aldrich\aldrico01,C,28,MIN,51,472,13.3,.553,.000,.284,11.4,24.3,17.7,7.3,2.5,3.8,13.5,9.0,,0.7,0.7,1.3,.135,,-1.5,3.1,1.6,0.4
148,Jared Dudley\dudleja01,PF,31,PHO,40,828,11.4,.617,.567,.197,2.6,15.5,8.8,11.2,1.4,0.9,16.0,13.7,,1.0,0.4,1.4,.082,,0.3,-0.4,0.0,0.4
149,Derrick Favors\favorde01,PF,25,UTA,40,938,15.3,.501,.025,.296,8.6,20.8,14.9,7.5,2.1,2.9,11.4,20.7,,0.2,1.9,2.1,.107,,-3.0,2.7,-0.3,0.4
150,Cristiano Felicio\feliccr01,C,24,CHI,48,753,15.8,.588,.000,.478,14.0,19.6,16.8,5.7,1.2,1.3,10.1,12.5,,1.7,0.8,2.5,.158,,-0.2,0.2,0.0,0.4
151,John Henson\hensojo01,C,26,MIL,46,930,14.5,.554,.004,.401,8.1,20.9,14.6,8.0,1.4,5.7,14.2,16.4,,0.8,1.2,2.0,.104,,-2.6,2.3,-0.3,0.4
152,Willy Hernangomez\hernawi01,C,22,NYK,50,796,18.7,.577,.047,.289,13.1,27.3,20.2,10.6,1.4,2.8,16.7,18.7,,1.2,0.9,2.1,.127,,-0.8,0.8,0.0,0.4
153,Nene Hilario\hilarne01,C,34,HOU,49,840,17.1,.623,.027,.553,7.9,17.0,12.5,7.9,2.2,3.0,15.1,19.1,,1.4,1.2,2.6,.148,,-1.3,1.2,-0.1,0.4
154,Rodney Hood\hoodro01,SG,24,UTA,40,1145,12.9,.528,.464,.159,1.1,13.0,7.3,11.1,1.1,0.6,8.3,23.1,,0.6,1.4,2.1,.086,,0.1,-0.7,-0.6,0.4
155,Victor Oladipo\oladivi01,SG,24,OKC,48,1616,14.0,.537,.387,.167,1.9,12.5,7.2,12.0,1.8,0.8,9.5,21.0,,1.5,1.7,3.1,.093,,-0.2,-0.9,-1.1,0.4
156,Tony Snell\snellto01,SG,25,MIL,54,1541,9.6,.606,.679,.106,1.2,11.9,6.7,6.0,0.9,0.7,8.5,11.7,,1.5,0.7,2.2,.069,,0.4,-1.3,-0.9,0.4
157,Anthony Tolliver\tollian01,PF,31,SAC,46,1074,11.1,.601,.661,.214,4.9,14.4,9.6,6.4,1.3,0.9,12.6,13.0,,1.2,0.6,1.8,.081,,0.2,-0.9,-0.7,0.4
158,Matt Barnes\barnema02,SF,36,SAC,54,1367,10.2,.501,.551,.172,4.7,20.5,12.6,16.4,1.3,1.2,16.8,16.4,,0.0,1.1,1.1,.038,,-1.4,0.2,-1.1,0.3
159,Kent Bazemore\bazemke01,SF,27,ATL,54,1482,11.1,.490,.361,.227,2.3,10.3,6.4,14.6,2.4,2.2,13.6,20.4,,-0.8,2.0,1.3,.042,,-2.3,1.3,-1.1,0.3
160,Darren Collison\collida01,PG,29,SAC,50,1548,15.4,.576,.274,.224,1.4,6.7,4.1,22.9,1.8,0.4,12.3,19.8,,2.5,0.7,3.1,.097,,1.0,-2.3,-1.3,0.3
161,Wayne Ellington\ellinwa01,SG,29,MIA,37,970,12.2,.546,.649,.096,1.2,7.3,4.2,7.9,1.3,0.2,4.6,17.8,,1.2,0.8,1.9,.094,,1.2,-1.9,-0.6,0.3
162,Dorian Finney-Smith\finnedo01,PF,23,DAL,55,1143,7.9,.522,.601,.221,3.2,11.9,7.3,6.1,1.6,1.3,12.7,11.1,,0.2,1.0,1.2,.051,,-2.3,1.3,-1.1,0.3
163,Channing Frye\fryech01,C,33,CLE,49,917,15.2,.589,.646,.146,3.5,18.2,11.0,5.3,1.0,2.3,8.3,20.2,,1.4,1.0,2.4,.125,,0.8,-1.4,-0.6,0.3
164,Taj Gibson\gibsota01,PF,31,CHI,55,1502,15.8,.549,.023,.225,8.5,19.3,13.8,6.6,0.9,2.7,11.7,19.1,,1.5,1.7,3.2,.103,,-1.6,0.4,-1.2,0.3
165,Aaron Gordon\gordoaa01,SF,21,ORL,57,1578,12.6,.502,.340,.244,5.3,13.4,9.3,11.2,1.3,1.3,8.9,19.5,,0.6,1.2,1.7,.053,,-1.0,-0.4,-1.3,0.3
166,Tim Hardaway\hardati02,SG,24,ATL,54,1354,14.7,.553,.472,.214,1.5,9.5,5.5,14.3,1.2,0.6,8.9,22.7,,1.4,1.2,2.6,.093,,0.8,-1.9,-1.1,0.3
167,Spencer Hawes\hawessp01,PF,28,CHO,35,626,14.7,.545,.252,.156,5.5,19.5,12.5,16.2,1.0,3.5,14.7,19.4,,0.3,0.9,1.2,.092,,-1.8,1.6,-0.2,0.3
168,Richaun Holmes\holmeri01,C,23,PHI,31,494,16.2,.566,.138,.314,10.5,19.0,14.7,8.4,1.6,3.9,13.0,18.3,,0.5,0.7,1.2,.116,,-1.6,1.6,0.0,0.3
169,Reggie Jackson\jacksre01,PG,26,DET,37,1043,15.4,.520,.284,.226,1.6,7.2,4.3,31.2,1.4,0.2,14.1,26.4,,0.7,0.9,1.6,.075,,1.1,-1.9,-0.8,0.3
170,Frank Kaminsky\kaminfr01,C,23,CHO,55,1390,12.6,.487,.425,.186,3.4,15.8,9.6,13.3,1.5,1.7,8.2,21.5,,-0.1,1.7,1.6,.054,,-1.3,0.1,-1.2,0.3
171,Kevon Looney\looneke01,C,20,GSW,43,401,14.4,.606,.090,.360,10.7,18.9,15.1,8.0,1.5,3.2,11.2,12.5,,0.8,0.7,1.5,.180,,-0.4,1.9,1.5,0.3
172,C.J. Miles\milescj01,SF,29,IND,51,1177,13.5,.589,.614,.148,1.6,12.5,7.1,3.8,1.3,1.5,5.7,18.6,,1.5,0.9,2.4,.098,,1.2,-2.1,-0.9,0.3
173,Austin Rivers\riverau01,SG,24,LAC,55,1565,11.9,.546,.398,.247,1.2,6.9,4.1,15.9,1.4,0.5,12.3,20.0,,1.1,1.1,2.2,.066,,0.1,-1.4,-1.3,0.3
174,Dion Waiters\waitedi01,SG,25,MIA,34,1049,14.2,.502,.303,.193,1.5,11.3,6.3,23.1,1.5,1.2,12.0,26.0,,0.0,1.1,1.1,.051,,-0.3,-0.7,-1.0,0.3
175,Hassan Whiteside\whiteha01,C,27,MIA,52,1712,21.5,.572,.000,.358,11.8,35.2,23.5,3.4,1.1,5.0,12.4,22.7,,2.1,3.5,5.7,.159,,-2.7,1.3,-1.4,0.3
176,Darrell Arthur\arthuda01,PF,28,DEN,29,473,13.6,.616,.539,.060,4.9,14.5,9.6,10.0,0.8,2.6,14.9,18.0,,0.6,0.2,0.8,.085,,1.0,-1.5,-0.4,0.2
177,J.J. Barea\bareajo01,PG,32,DAL,18,444,17.3,.530,.385,.172,1.3,13.0,6.9,35.2,1.1,0.2,13.1,25.4,,0.5,0.3,0.8,.087,,1.4,-1.8,-0.3,0.2
178,Harrison Barnes\barneha02,PF,24,DAL,56,2007,17.3,.540,.175,.197,3.9,13.8,8.6,8.0,1.3,0.6,6.4,26.2,,2.0,1.5,3.5,.084,,-0.4,-1.2,-1.7,0.2
179,Marco Belinelli\belinma01,SG,30,CHO,52,1280,12.8,.563,.463,.232,0.9,10.5,5.8,12.0,1.3,0.5,9.5,19.0,,1.1,1.1,2.3,.085,,-0.1,-1.3,-1.4,0.2
180,Andrew Bogut\bogutan01,C,32,DAL,26,582,9.4,.460,.012,.136,10.5,34.3,21.8,12.3,1.2,3.9,33.4,10.5,,-0.3,1.0,0.7,.054,,-5.6,5.3,-0.3,0.2
181,Malcolm Brogdon\brogdma01,SG,24,MIL,55,1406,13.9,.539,.290,.215,2.7,9.3,6.0,23.9,2.3,0.4,15.2,18.1,,1.4,1.0,2.4,.082,,0.0,-1.4,-1.3,0.2
182,Tyreke Evans\evansty01,SG,27,TOT,27,500,15.9,.498,.306,.281,1.2,17.9,9.5,31.1,2.4,0.7,14.0,27.2,,-0.1,0.6,0.5,.050,,-0.6,0.1,-0.5,0.2
183,Evan Fournier\fournev01,SG,24,ORL,46,1526,13.5,.543,.349,.295,2.3,8.8,5.5,16.9,1.4,0.2,12.7,23.7,,0.8,0.8,1.7,.052,,0.3,-1.8,-1.5,0.2
184,Justin Hamilton\hamilju01,C,26,BRK,48,939,13.1,.541,.509,.110,6.6,17.2,12.0,6.6,1.2,3.0,10.0,15.4,,0.6,0.7,1.4,.070,,-1.2,0.3,-1.0,0.2
185,Juan Hernangomez\hernaju01,PF,21,DEN,41,514,13.8,.585,.473,.364,6.6,18.6,12.6,5.3,1.6,1.8,8.6,13.4,,0.9,0.3,1.2,.114,,0.2,-0.9,-0.7,0.2
186,Roy Hibbert\hibbero01,C,30,CHO,42,671,13.4,.613,.000,.521,8.5,15.8,12.2,4.5,0.6,5.6,14.9,13.8,,1.0,0.9,1.9,.135,,-2.9,2.1,-0.8,0.2
187,Justin Holiday\holidju01,SG,27,NYK,58,1131,12.1,.543,.538,.192,1.9,13.7,7.8,8.4,2.1,1.5,11.2,16.6,,0.8,0.8,1.6,.069,,-0.6,-0.6,-1.2,0.2
188,Stanley Johnson\johnsst04,SF,20,DET,54,902,8.4,.476,.399,.179,2.9,12.3,7.5,10.8,2.0,1.7,16.1,14.2,,-0.5,1.2,0.7,.039,,-3.0,2.0,-1.1,0.2
189,Wesley Johnson\johnswe01,SF,29,LAC,50,652,9.8,.469,.567,.104,4.4,22.0,13.4,4.5,2.1,3.1,8.0,12.7,,0.0,1.0,1.0,.074,,-2.7,2.0,-0.7,0.2
190,Terrence Jones\joneste01,PF,25,NOP,51,1264,16.2,.519,.154,.348,5.4,20.0,12.6,7.5,1.5,3.4,7.9,21.4,,0.5,1.7,2.3,.086,,-2.6,1.1,-1.5,0.2
191,DeAndre Liggins\liggide01,SG,28,CLE,46,648,8.0,.501,.373,.263,2.1,10.6,6.5,9.2,3.0,1.7,19.1,11.0,,-0.1,0.8,0.7,.053,,-3.0,2.3,-0.7,0.2
192,Jeremy Lin\linje01,PG,28,BRK,12,300,19.8,.564,.369,.315,0.7,12.9,6.9,40.2,2.5,1.8,17.8,25.6,,0.4,0.3,0.6,.098,,1.7,-0.7,1.0,0.2
193,JaVale McGee\mcgeeja01,C,29,GSW,52,499,23.2,.658,.019,.332,13.6,20.5,17.3,3.9,1.1,5.5,11.7,23.6,,1.1,0.9,2.1,.199,,-0.2,-0.3,-0.4,0.2
194,Jodie Meeks\meeksjo01,SG,29,ORL,24,520,13.5,.574,.530,.250,0.6,11.1,5.7,10.9,2.7,0.3,11.4,17.9,,0.5,0.5,0.9,.087,,-0.2,-0.6,-0.7,0.2
195,Nikola Mirotic\mirotni01,PF,25,CHI,48,1078,12.4,.505,.598,.212,3.5,21.6,12.4,6.0,1.6,2.8,11.0,19.4,,0.1,1.5,1.6,.070,,-1.6,0.1,-1.5,0.2
196,E'Twaun Moore\mooreet01,SG,27,NOP,52,1282,12.2,.537,.336,.105,2.2,7.3,4.7,14.1,1.4,1.5,9.4,17.9,,0.7,1.0,1.7,.064,,-0.9,-0.6,-1.5,0.2
197,Dirk Nowitzki\nowitdi01,PF,38,DAL,30,780,17.1,.517,.320,.185,2.0,26.2,13.5,11.1,1.4,2.4,6.3,26.1,,0.3,1.0,1.3,.083,,-1.5,0.3,-1.2,0.2
198,Zach Randolph\randoza01,PF,35,MEM,50,1215,19.1,.497,.098,.189,11.3,27.8,19.3,13.7,1.1,0.6,8.3,28.8,,0.9,1.8,2.7,.108,,-0.9,-0.3,-1.3,0.2
199,Willie Reed\reedwi02,C,26,MIA,48,702,17.2,.575,.016,.313,13.5,22.3,17.9,3.7,0.7,3.9,8.4,15.1,,1.4,1.0,2.4,.165,,-1.6,0.7,-1.0,0.2
200,Rajon Rondo\rondora01,PG,30,CHI,48,1260,11.4,.415,.219,.092,3.6,18.0,10.7,36.2,2.5,0.5,23.8,17.0,,-1.2,1.6,0.5,.018,,-2.7,1.3,-1.4,0.2
201,Jonathon Simmons\simmojo02,SG,27,SAS,52,942,10.7,.520,.228,.348,1.7,12.5,7.3,12.9,1.9,1.7,14.3,17.8,,0.1,1.5,1.6,.081,,-2.4,1.3,-1.1,0.2
202,Ish Smith\smithis01,PG,28,DET,57,1350,13.7,.476,.147,.147,1.1,11.9,6.4,31.7,1.5,1.4,13.9,19.2,,0.4,1.5,1.9,.069,,-1.7,0.4,-1.3,0.2
203,J.R. Smith\smithjr01,SG,31,CLE,21,607,7.7,.481,.750,.049,1.5,6.5,4.1,5.9,2.1,1.2,7.4,14.7,,0.0,0.5,0.5,.038,,-0.7,0.0,-0.8,0.2
204,Jonas Valanciunas\valanjo01,C,24,TOR,55,1481,19.4,.589,.000,.305,12.1,29.4,20.7,4.4,0.9,2.3,11.9,19.7,,3.3,1.9,5.1,.166,,-0.8,-0.6,-1.4,0.2
205,Deron Williams\willide01,PG,32,DAL,40,1171,15.3,.532,.399,.185,1.2,9.4,5.1,40.0,1.1,0.2,16.5,23.8,,1.2,0.7,1.8,.075,,1.1,-2.4,-1.3,0.2
206,Jeff Withey\witheje01,C,26,UTA,32,252,17.9,.588,.019,.519,12.8,19.5,16.2,1.2,1.9,7.1,11.9,14.0,,0.5,0.6,1.0,.198,,-2.5,3.2,0.7,0.2
207,Lavoy Allen\allenla01,PF,27,IND,42,588,9.2,.462,.009,.187,9.9,12.8,11.4,9.1,1.1,1.9,13.5,10.2,,0.3,0.4,0.7,.061,,-2.6,1.0,-1.6,0.1
208,Al-Farouq Aminu\aminual01,SF,26,POR,37,1075,10.5,.476,.466,.228,4.4,23.9,14.0,10.1,1.7,1.8,14.8,15.5,,-0.4,1.1,0.7,.032,,-2.7,1.2,-1.5,0.1
209,Brandon Bass\bassbr01,PF,31,LAC,38,449,18.2,.664,.014,.410,6.8,14.9,11.0,6.7,1.0,1.4,13.2,18.7,,1.1,0.4,1.6,.166,,-0.1,-0.8,-0.9,0.1
210,Nemanja Bjelica\bjeline01,PF,28,MIN,55,947,10.3,.528,.529,.179,4.5,17.9,11.0,9.4,1.8,1.2,14.2,16.5,,0.3,0.8,1.0,.053,,-1.1,-0.5,-1.6,0.1
211,Tarik Black\blackta01,C,25,LAL,46,749,15.4,.560,.010,.407,14.7,21.7,18.1,6.5,1.2,2.6,14.3,16.4,,1.2,0.6,1.8,.113,,-1.3,-0.1,-1.4,0.1
212,Nicolas Brussino\brussni01,SF,23,DAL,36,246,11.7,.516,.672,.155,4.5,16.5,10.2,15.4,2.1,1.8,15.1,14.1,,0.1,0.3,0.4,.081,,-1.6,1.3,-0.3,0.1
213,Ian Clark\clarkia01,SG,25,GSW,52,736,13.2,.575,.413,.148,1.9,8.8,5.6,11.9,1.8,0.6,10.3,18.8,,0.8,0.9,1.6,.105,,-0.3,-1.4,-1.7,0.1
214,Dante Cunningham\cunnida01,SF,29,NOP,43,1081,8.9,.540,.513,.058,3.5,14.1,8.8,4.0,1.0,1.6,7.5,10.9,,0.5,1.0,1.4,.064,,-2.1,0.6,-1.5,0.1
215,Yogi Ferrell\ferreyo01,PG,23,TOT,20,481,13.7,.559,.475,.247,1.8,8.4,5.0,21.5,1.9,0.7,15.4,19.7,,0.4,0.3,0.8,.077,,0.0,-1.2,-1.2,0.1
216,Jerian Grant\grantje02,PG,24,CHI,46,757,11.2,.537,.418,.268,1.6,8.7,5.1,14.1,2.2,0.6,13.1,16.3,,0.6,0.7,1.3,.083,,-0.9,-0.8,-1.7,0.1
217,Devin Harris\harride01,PG,33,DAL,39,652,12.0,.523,.526,.381,1.5,13.2,7.1,15.9,1.8,0.4,10.6,18.4,,0.5,0.6,1.1,.080,,-0.9,-0.5,-1.4,0.1
218,Josh Huestis\huestjo01,PF,25,OKC,1,7,61.8,.875,.500,.000,31.7,31.4,31.6,37.4,0.0,11.3,0.0,24.3,,0.1,0.0,0.1,.645,,25.2,6.2,31.4,0.1
219,Jonas Jerebko\jerebjo01,PF,29,BOS,56,930,9.4,.552,.495,.106,5.3,17.8,11.5,7.2,1.3,1.3,14.1,11.6,,0.5,0.9,1.4,.074,,-2.1,0.3,-1.8,0.1
220,James Jones\jonesja02,SF,36,CLE,36,242,13.2,.737,.746,.237,0.9,8.8,5.0,4.2,0.6,2.3,9.7,13.1,,0.5,0.2,0.7,.139,,1.4,-1.6,-0.3,0.1
221,Cory Joseph\josepco01,SG,25,TOR,55,1243,13.1,.513,.170,.218,2.8,10.5,6.6,18.1,1.6,0.3,11.1,18.4,,1.2,0.8,2.0,.079,,-0.7,-1.1,-1.8,0.1
222,Kosta Koufos\koufoko01,C,27,SAC,58,1112,14.0,.585,.004,.182,9.5,23.2,16.4,5.2,1.5,3.1,13.9,14.3,,1.1,1.2,2.3,.101,,-2.4,0.9,-1.5,0.1
223,James Michael McAdoo\mcadoja01,PF,24,GSW,30,273,12.0,.565,.043,.232,6.5,12.0,9.5,5.8,1.4,4.9,13.6,13.9,,0.2,0.4,0.6,.103,,-2.9,2.0,-0.9,0.1
224,Khris Middleton\middlkh01,SG,25,MIL,4,79,21.1,.563,.125,.375,0.0,11.4,5.8,36.1,3.8,1.1,9.7,23.5,,0.2,0.1,0.3,.196,,2.0,-1.2,0.8,0.1
225,Jakob Poeltl\poeltja01,C,21,TOR,32,345,10.1,.526,.000,.483,13.3,15.9,14.6,3.6,1.6,2.3,16.6,10.9,,0.3,0.4,0.7,.097,,-1.8,0.7,-1.1,0.1
226,Norman Powell\powelno01,SG,23,TOR,53,919,13.4,.551,.331,.278,2.1,10.9,6.4,9.0,2.1,1.0,10.8,19.3,,0.9,0.8,1.7,.088,,-0.5,-1.0,-1.5,0.1
227,Josh Richardson\richajo01,SG,23,MIA,28,875,9.6,.483,.465,.110,1.7,10.0,5.8,13.3,1.5,1.3,11.4,18.7,,-0.3,0.9,0.6,.034,,-1.5,0.0,-1.5,0.1
228,Glenn Robinson\robingl02,SF,23,IND,55,1204,10.7,.552,.352,.217,4.6,13.9,9.4,4.7,1.2,1.2,9.4,12.6,,0.9,0.9,1.8,.071,,-1.4,-0.3,-1.7,0.1
229,Thomas Robinson\robinth01,PF,25,LAL,34,374,16.3,.518,.000,.315,16.6,27.3,21.8,9.5,2.1,2.0,16.5,17.3,,0.3,0.4,0.7,.091,,-1.9,0.8,-1.1,0.1
230,Luis Scola\scolalu01,PF,36,BRK,36,461,14.0,.550,.331,.245,11.8,19.9,15.9,12.7,1.4,0.7,16.9,18.7,,0.4,0.3,0.7,.075,,-0.8,-0.5,-1.3,0.1
231,Pascal Siakam\siakapa01,PF,22,TOR,48,806,11.0,.522,.021,.171,8.2,15.1,11.6,2.7,1.4,4.5,13.4,12.8,,0.4,0.9,1.3,.077,,-2.9,1.5,-1.4,0.1
232,Jason Terry\terryja01,SG,39,MIL,47,804,8.5,.575,.729,.114,1.5,6.3,3.9,10.8,1.6,1.5,12.5,9.4,,0.7,0.4,1.1,.065,,-0.6,-1.0,-1.6,0.1
233,T.J. Warren\warretj01,SF,23,PHO,44,1278,13.5,.506,.142,.188,6.0,8.9,7.4,5.3,1.9,1.2,5.7,19.5,,1.2,0.6,1.8,.068,,-0.8,-1.0,-1.8,0.1
234,Chris Andersen\anderch01,C,38,CLE,12,114,11.6,.497,.136,.636,8.9,20.6,15.0,5.9,2.2,4.9,15.1,12.8,,0.1,0.2,0.3,.110,,-3.6,3.3,-0.3,0.0
235,Justin Anderson\anderju01,SF,23,DAL,51,710,15.0,.523,.442,.319,6.1,19.1,12.3,7.6,2.1,2.0,11.3,23.7,,0.2,0.9,1.1,.071,,-1.7,-0.2,-1.9,0.0
236,Joel Anthony\anthojo01,C,34,SAS,9,56,14.4,.676,.000,.250,12.5,19.7,16.2,2.4,0.9,2.9,10.1,8.0,,0.1,0.1,0.2,.190,,-0.8,1.1,0.4,0.0
237,Bismack Biyombo\biyombi01,C,24,ORL,58,1343,12.1,.541,.000,.715,9.1,25.6,17.1,6.2,0.7,4.3,18.2,13.1,,0.4,1.7,2.1,.075,,-4.3,2.4,-1.9,0.0
238,Joel Bolomboy\bolomjo01,PF,23,UTA,9,20,22.7,.592,.200,.800,6.0,50.3,28.8,8.2,2.6,4.1,12.9,18.2,,0.0,0.1,0.1,.215,,-3.6,4.1,0.4,0.0
239,Reggie Bullock\bullore01,SF,25,DET,15,224,10.4,.517,.485,.061,2.9,12.1,7.4,7.7,1.4,1.1,8.1,14.7,,0.1,0.2,0.3,.072,,-1.4,0.2,-1.2,0.0
240,Bruno Caboclo\cabocbr01,SF,21,TOR,8,23,7.9,.300,.600,.000,14.6,14.9,14.7,16.8,4.4,0.0,28.6,13.5,,0.0,0.0,0.0,.005,,-2.2,2.5,0.3,0.0
241,Michael Carter-Williams\cartemi01,PG,25,CHI,26,579,10.9,.466,.209,.286,3.3,19.8,11.4,18.3,1.8,1.5,15.9,20.7,,-0.4,0.7,0.3,.029,,-3.2,1.0,-2.3,0.0
242,Willie Cauley-Stein\caulewi01,C,23,SAC,51,684,16.9,.580,.008,.261,8.5,16.3,12.4,6.7,1.9,3.3,10.5,20.1,,0.9,0.7,1.6,.112,,-1.6,-0.1,-1.8,0.0
243,Rakeem Christmas\chrisra01,PF,25,IND,7,23,20.8,.435,.000,.714,19.8,24.0,22.0,6.0,2.2,7.5,0.0,17.9,,0.0,0.0,0.1,.187,,-2.0,2.5,0.5,0.0
244,Nick Collison\collini01,PF,36,OKC,14,81,9.6,.612,.000,.700,5.5,13.6,9.5,13.4,0.6,1.0,18.7,8.4,,0.1,0.1,0.2,.101,,-3.3,-0.6,-3.9,0.0
245,Pat Connaughton\connapa01,SG,24,POR,27,195,11.6,.605,.410,.231,5.0,12.6,8.8,10.8,1.0,0.8,12.3,11.0,,0.3,0.1,0.4,.095,,-0.9,-1.4,-2.3,0.0
246,Allen Crabbe\crabbal01,SG,24,POR,57,1619,10.5,.591,.441,.211,0.9,9.7,5.2,6.4,1.0,0.5,9.3,14.8,,1.8,0.4,2.2,.065,,-0.3,-1.8,-2.1,0.0
247,Ed Davis\davised01,PF,27,POR,46,789,11.4,.563,.000,.570,13.2,20.8,17.0,4.8,0.9,2.3,17.2,11.9,,1.0,0.6,1.6,.096,,-2.3,0.1,-2.2,0.0
248,Toney Douglas\douglto01,PG,30,MEM,14,241,10.6,.471,.370,.274,2.3,17.0,9.4,21.0,2.4,1.2,15.5,18.2,,-0.1,0.4,0.3,.062,,-2.7,1.3,-1.4,0.0
249,Jordan Farmar\farmajo01,PG,30,SAC,2,35,14.5,.500,.750,.000,3.3,6.6,5.0,39.0,2.9,0.0,20.0,19.4,,0.0,0.0,0.1,.069,,0.6,-3.9,-3.3,0.0
250,Tim Frazier\fraziti01,PG,26,NOP,42,1051,13.4,.522,.289,.329,2.3,9.9,6.1,33.8,1.7,0.5,18.8,17.9,,0.8,0.9,1.7,.078,,-1.0,-1.1,-2.1,0.0
251,Langston Galloway\gallola01,PG,25,NOP,55,1120,11.2,.508,.608,.118,1.9,9.6,5.7,9.0,1.7,0.4,5.7,19.5,,0.2,0.9,1.1,.049,,-0.3,-1.7,-2.0,0.0
252,Archie Goodwin\goodwar01,SG,22,NOP,3,30,19.7,.798,.400,2.000,0.0,0.0,0.0,4.6,0.0,2.7,0.0,13.9,,0.2,0.0,0.2,.289,,2.2,-4.0,-1.8,0.0
253,Jerami Grant\grantje01,SF,22,TOT,56,1189,10.3,.553,.326,.461,2.4,12.0,7.2,4.0,1.0,4.3,9.1,12.2,,0.9,1.4,2.2,.091,,-3.1,1.0,-2.1,0.0
254,Aaron Harrison\harriaa01,SG,22,CHO,5,17,-2.1,.102,.500,.500,0.0,18.9,9.5,22.7,0.0,0.0,0.0,12.8,,-0.1,0.0,0.0,-0.138,,-9.5,-1.7,-11.2,0.0
255,Andrew Harrison\harrian01,SG,22,MEM,53,1162,8.5,.469,.436,.546,1.8,8.3,5.0,20.2,2.0,1.5,15.9,16.2,,0.0,1.4,1.3,.056,,-2.5,0.4,-2.1,0.0
256,Udonis Haslem\hasleud01,C,36,MIA,16,129,8.8,.542,.091,.682,6.8,23.1,14.9,6.5,2.0,0.6,21.9,12.6,,0.0,0.2,0.2,.073,,-4.7,1.3,-3.4,0.0
257,Rondae Hollis-Jefferson\holliro01,SF,22,BRK,52,1134,12.4,.517,.146,.523,4.2,20.5,12.4,14.2,2.1,1.8,16.8,17.9,,0.0,1.2,1.2,.050,,-3.5,1.6,-1.9,0.0
258,Danuel House\houseda01,SG,23,WAS,1,1,12.3,,,,0.0,100.0,56.5,0.0,0.0,0.0,,0.0,,0.0,0.0,0.0,.175,,-16.5,-4.2,-20.8,0.0
259,Kris Humphries\humphkr01,PF,31,ATL,44,522,14.6,.550,.256,.388,9.7,21.9,15.9,6.4,1.0,2.6,11.4,17.7,,0.6,0.8,1.4,.128,,-2.2,0.1,-2.1,0.0
260,R.J. Hunter\hunterj01,SG,23,CHI,3,9,-3.2,.000,1.000,.000,0.0,12.2,6.0,0.0,0.0,0.0,0.0,4.8,,0.0,0.0,0.0,-0.093,,-9.2,-2.4,-11.6,0.0
261,Demetrius Jackson\jacksde01,PG,22,BOS,4,17,31.2,.753,.250,1.500,13.2,13.2,13.2,28.0,0.0,0.0,0.0,17.5,,0.1,0.0,0.1,.387,,9.5,-3.0,6.5,0.0
262,Pierre Jackson\jackspi01,PG,25,DAL,8,84,13.3,.416,.282,.179,1.3,11.7,6.3,37.9,1.2,0.0,6.7,25.4,,0.0,0.1,0.0,.023,,-1.6,-2.7,-4.3,0.0
263,John Jenkins\jenkijo01,SG,25,PHO,4,13,17.7,.595,.400,.400,0.0,8.8,4.2,11.7,0.0,0.0,0.0,19.1,,0.0,0.0,0.0,.173,,1.5,-5.5,-4.0,0.0
264,Brice Johnson\johnsbr02,PF,22,LAC,1,3,-13.5,.000,.000,.000,37.8,36.0,36.9,0.0,0.0,0.0,50.0,29.6,,0.0,0.0,0.0,-0.582,,-26.0,-8.5,-34.5,0.0
265,Derrick Jones\jonesde02,SF,19,PHO,7,24,23.5,.854,.000,.167,8.9,4.8,6.9,6.9,0.0,3.4,0.0,11.3,,0.1,0.0,0.1,.252,,4.5,-1.7,2.8,0.0
266,Tyus Jones\jonesty01,PG,20,MIN,35,398,13.8,.541,.462,.280,2.0,7.4,4.7,27.5,2.9,0.4,16.7,14.0,,0.6,0.3,0.9,.104,,0.0,-2.0,-2.0,0.0
267,Ryan Kelly\kellyry01,PF,25,ATL,9,47,12.1,.460,.500,.200,0.0,23.1,11.7,14.6,4.2,3.6,15.5,12.0,,0.0,0.1,0.1,.101,,-4.4,5.0,0.7,0.0
268,Skal Labissiere\labissk01,PF,20,SAC,9,66,21.0,.622,.000,.650,15.9,10.6,13.2,7.5,2.3,0.0,13.5,20.3,,0.2,0.0,0.2,.172,,1.0,-2.2,-1.2,0.0
269,Ty Lawson\lawsoty01,PG,29,SAC,52,1285,14.2,.529,.245,.341,3.3,9.2,6.2,28.4,2.3,0.4,17.5,18.8,,1.1,0.8,1.9,.072,,-0.5,-1.3,-1.9,0.0
270,Alex Len\lenal01,C,23,PHO,54,1061,14.6,.556,.013,.436,10.4,26.1,18.0,4.3,0.9,5.3,16.4,17.4,,0.8,1.1,1.9,.087,,-3.4,1.2,-2.2,0.0
271,Caris LeVert\leverca01,SF,22,BRK,32,642,11.0,.532,.529,.262,1.8,12.8,7.4,14.1,2.2,0.6,14.4,16.2,,0.1,0.4,0.6,.043,,-1.5,-0.3,-1.9,0.0
272,Shaun Livingston\livinsh01,PG,31,GSW,52,902,10.1,.575,.005,.183,2.5,9.2,6.1,12.9,1.3,1.1,15.1,13.3,,0.7,1.0,1.7,.089,,-2.4,0.2,-2.2,0.0
273,John Lucas III\lucasjo02,PG,34,MIN,5,11,9.2,.250,.250,.000,0.0,0.0,0.0,12.7,9.2,0.0,0.0,16.1,,0.0,0.0,0.0,-0.030,,-6.1,0.5,-5.5,0.0
274,Trey Lyles\lylestr01,PF,21,UTA,57,1043,11.2,.481,.474,.178,5.0,18.0,11.7,10.3,1.3,1.3,11.9,22.0,,-0.5,1.6,1.1,.052,,-2.1,0.3,-1.8,0.0
275,Shelvin Mack\macksh01,PG,26,UTA,46,983,10.1,.509,.317,.172,1.9,9.7,5.9,21.5,1.9,0.1,19.6,19.8,,-0.5,1.3,0.8,.041,,-2.3,0.1,-2.2,0.0
276,Thon Maker\makerth01,PF,19,MIL,30,218,16.8,.618,.432,.338,8.1,18.0,13.2,2.8,1.4,4.1,8.6,19.2,,0.4,0.2,0.6,.143,,0.2,-2.1,-1.8,0.0
277,Boban Marjanovic\marjabo01,C,28,DET,23,159,24.8,.532,.000,.397,20.5,32.1,26.1,5.1,0.6,4.2,8.1,24.4,,0.4,0.3,0.7,.200,,-1.4,-0.7,-2.1,0.0
278,Chris McCullough\mcculch01,PF,21,BRK,14,72,16.9,.541,.194,.097,13.4,11.6,12.5,4.9,0.7,2.1,5.8,20.4,,0.1,0.0,0.1,.091,,-0.9,-3.1,-4.0,0.0
279,Josh McRoberts\mcrobjo01,PF,29,MIA,22,381,9.8,.439,.263,.076,6.6,14.8,10.7,19.1,1.3,0.8,15.9,16.9,,-0.2,0.4,0.2,.031,,-2.9,0.5,-2.4,0.0
280,Mike Miller\millemi01,SF,36,DEN,14,81,8.7,.672,.857,.143,2.7,23.6,13.1,19.3,0.6,0.0,37.7,12.4,,0.0,0.0,0.0,.020,,-2.3,-1.7,-3.9,0.0
281,Donatas Motiejunas\motiedo01,PF,26,NOP,21,328,10.1,.536,.370,.370,5.4,17.5,11.4,12.6,1.8,1.8,21.0,16.1,,-0.1,0.4,0.3,.046,,-3.1,1.4,-1.8,0.0
282,Shabazz Napier\napiesh01,PG,25,POR,33,272,13.6,.526,.596,.240,1.2,11.1,6.1,19.5,3.5,0.3,16.1,22.1,,0.0,0.2,0.3,.045,,-0.5,-1.6,-2.1,0.0
283,Raul Neto\netora01,PG,24,UTA,29,213,9.7,.527,.356,.068,0.6,10.0,5.4,14.9,3.0,0.0,15.3,15.8,,0.0,0.3,0.4,.080,,-2.3,0.7,-1.6,0.0
284,Jusuf Nurkic\nurkiju01,C,22,TOT,47,863,15.4,.523,.000,.371,12.1,24.0,18.0,11.4,1.8,3.4,19.5,22.3,,-0.2,0.8,0.7,.037,,-3.0,1.0,-1.9,0.0
285,Johnny O'Bryant\obryajo01,PF,23,DEN,7,46,14.5,.597,.200,.267,12.0,14.7,13.3,6.3,0.0,1.7,15.2,18.1,,0.1,0.0,0.1,.092,,-0.7,-3.3,-4.0,0.0
286,Arinze Onuaku\onuakar01,C,29,ORL,8,28,5.8,.500,.000,.000,7.6,16.1,11.8,10.0,0.0,2.9,33.3,9.5,,0.0,0.0,0.0,-0.002,,-6.5,0.9,-5.7,0.0
287,Chinanu Onuaku\onuakch01,C,20,HOU,2,10,37.4,1.042,.000,1.000,11.1,22.1,16.6,15.7,4.8,0.0,0.0,12.3,,0.1,0.0,0.1,.527,,10.6,2.2,12.8,0.0
288,Kelly Oubre\oubreke01,SF,21,WAS,53,1095,8.9,.517,.464,.220,4.1,14.2,9.2,4.1,1.8,0.7,9.4,14.2,,0.4,1.2,1.6,.070,,-1.8,-0.4,-2.2,0.0
289,Georgios Papagiannis\papagge01,C,19,SAC,4,18,13.0,.750,.000,.000,6.5,25.8,16.2,0.0,0.0,5.2,20.0,12.5,,0.0,0.0,0.0,.097,,-5.5,-3.1,-8.6,0.0
290,Adreian Payne\paynead01,PF,25,MIN,12,92,14.3,.526,.256,.385,7.4,18.0,12.6,7.0,2.8,3.7,13.3,25.4,,0.0,0.1,0.2,.079,,-2.4,-0.5,-2.9,0.0
291,Marshall Plumlee\plumlma02,C,24,NYK,8,65,8.6,.678,.000,1.500,13.1,14.8,14.0,7.9,0.8,2.5,37.6,7.0,,0.1,0.0,0.1,.068,,-2.0,0.7,-1.3,0.0
292,Ronnie Price\pricero01,PG,33,PHO,2,7,18.8,1.500,1.000,.000,0.0,0.0,0.0,0.0,6.9,0.0,50.0,12.0,,0.0,0.0,0.0,.079,,4.2,1.2,5.3,0.0
293,Tim Quarterman\quartti01,SG,22,POR,13,44,19.4,.731,.462,.000,4.9,10.2,7.5,29.0,1.1,3.7,23.5,16.9,,0.1,0.0,0.1,.158,,2.0,-1.5,0.5,0.0
294,Chasson Randle\randlch01,PG,23,PHI,8,74,17.9,.671,.577,.462,0.0,7.5,3.7,13.4,2.0,1.1,8.8,20.2,,0.2,0.1,0.3,.201,,2.7,-2.6,0.1,0.0
295,Brandon Rush\rushbr01,SG,31,MIN,23,414,7.5,.503,.610,.122,2.2,9.1,5.6,5.3,1.5,2.3,12.2,10.5,,0.0,0.2,0.2,.028,,-2.1,0.0,-2.1,0.0
296,Nik Stauskas\stausni01,SG,23,PHI,54,1459,9.1,.550,.565,.238,1.1,10.1,5.6,12.6,1.0,1.3,15.5,15.6,,0.2,1.0,1.2,.040,,-1.7,-0.5,-2.1,0.0
297,Jarnell Stokes\stokeja01,PF,23,DEN,2,7,31.6,.798,.000,2.000,15.7,16.1,15.9,41.0,7.0,0.0,0.0,11.3,,0.1,0.0,0.1,.470,,11.8,3.4,15.3,0.0
298,Walter Tavares\tavarwa01,C,24,ATL,1,4,13.2,.532,.000,2.000,0.0,27.2,13.8,0.0,0.0,0.0,0.0,20.6,,0.0,0.0,0.0,-0.048,,-8.0,-7.1,-15.1,0.0
299,Mike Tobey\tobeymi01,C,22,CHO,2,25,-0.1,.250,.000,.000,8.6,4.3,6.4,5.4,0.0,0.0,20.0,8.9,,0.0,0.0,0.0,-0.063,,-7.4,-1.1,-8.5,0.0
300,Fred VanVleet\vanvlfr01,PG,22,TOR,21,145,13.8,.456,.295,.180,2.3,12.6,7.4,18.6,3.5,0.6,5.7,21.4,,0.1,0.2,0.3,.089,,-0.8,-0.5,-1.4,0.0
301,Anderson Varejao\varejan01,C,34,GSW,14,92,9.4,.478,.000,.786,15.5,16.7,16.1,12.8,1.6,2.6,29.8,12.6,,0.0,0.1,0.2,.098,,-3.0,2.5,-0.5,0.0
302,Okaro White\whiteok01,PF,24,MIA,14,226,8.7,.641,.487,.410,4.4,12.7,8.5,3.7,0.7,1.4,16.4,10.8,,0.3,0.2,0.5,.098,,-1.9,-0.2,-2.1,0.0
303,Andrew Wiggins\wiggian01,SF,21,MIN,57,2120,16.9,.544,.192,.342,3.9,9.2,6.5,11.6,1.2,0.9,9.7,28.2,,2.7,0.8,3.4,.078,,0.6,-2.7,-2.0,0.0
304,Alan Williams\willial03,PF,24,PHO,23,164,19.5,.545,.000,.455,20.2,30.0,24.9,1.9,2.1,7.0,16.5,20.3,,0.2,0.3,0.4,.130,,-3.4,0.5,-2.9,0.0
305,Reggie Williams\willire02,SF,30,NOP,5,63,14.6,.542,.500,.350,3.3,6.7,5.0,9.3,2.3,0.0,0.0,16.2,,0.1,0.1,0.2,.135,,0.6,-1.7,-1.1,0.0
306,Christian Wood\woodch01,PF,21,CHO,3,16,17.4,.515,.667,.667,0.0,40.1,20.2,8.8,0.0,10.7,0.0,10.8,,0.0,0.0,0.1,.174,,-4.8,5.3,0.5,0.0
307,Brandan Wright\wrighbr03,PF,29,MEM,8,111,19.5,.573,.023,.205,10.0,10.5,10.2,1.7,1.4,5.2,5.9,20.8,,0.2,0.2,0.3,.148,,-1.7,-0.3,-1.9,0.0
308,Delon Wright\wrighde01,PG,24,TOR,2,37,19.0,.674,.286,.857,3.0,3.1,3.0,11.4,2.7,2.3,0.0,11.6,,0.1,0.0,0.2,.227,,2.8,-0.3,2.5,0.0
309,James Young\youngja01,SG,21,BOS,20,154,13.1,.608,.488,.163,4.4,11.7,8.0,3.9,1.6,0.5,4.2,14.0,,0.3,0.1,0.4,.118,,-0.3,-2.1,-2.4,0.0
310,Tyler Zeller\zellety01,C,27,BOS,35,413,13.6,.495,.008,.205,10.1,17.7,13.9,12.1,0.7,3.6,9.2,16.5,,0.4,0.4,0.8,.095,,-2.9,0.8,-2.1,0.0
311,Stephen Zimmerman\zimmest01,C,20,ORL,9,36,14.8,.402,.000,.083,11.9,34.5,22.9,8.6,1.4,2.2,0.0,15.3,,0.0,0.1,0.1,.083,,-5.1,0.6,-4.4,0.0
312,Quincy Acy\acyqu01,PF,26,TOT,18,182,15.8,.617,.462,.308,7.7,15.5,11.6,1.8,0.8,2.9,8.7,19.5,,0.3,0.1,0.4,.118,,-0.8,-3.1,-4.0,-0.1
313,Luke Babbitt\babbilu01,SF,27,MIA,48,752,7.3,.526,.695,.076,1.6,12.8,7.2,4.4,1.0,0.8,7.7,13.0,,0.2,0.7,0.9,.060,,-1.9,-0.8,-2.7,-0.1
314,Jerryd Bayless\bayleje01,PG,28,PHI,3,71,8.8,.453,.156,.313,4.6,14.0,9.3,29.9,0.0,0.0,19.8,27.9,,-0.1,0.0,-0.1,-0.065,,-5.1,-2.8,-8.0,-0.1
315,Aron Baynes\baynear01,C,30,DET,55,840,11.0,.552,.000,.366,8.7,20.2,14.3,3.0,0.9,2.3,14.3,13.7,,0.7,1.1,1.8,.101,,-3.6,1.0,-2.6,-0.1
316,Malik Beasley\beaslma01,SG,20,DEN,18,88,13.6,.516,.395,.186,2.5,6.4,4.4,10.7,2.2,0.0,7.9,24.2,,0.1,0.0,0.1,.051,,-0.5,-4.5,-5.0,-0.1
317,Michael Beasley\beaslmi01,PF,28,MIL,47,792,17.4,.585,.112,.282,5.0,19.0,12.2,10.3,1.5,2.5,13.5,24.4,,0.7,0.8,1.5,.089,,-1.5,-1.1,-2.6,-0.1
318,Anthony Bennett\bennean01,PF,23,BRK,23,264,14.7,.533,.522,.391,10.1,21.0,15.6,7.1,0.9,0.9,10.0,19.4,,0.3,0.2,0.5,.083,,-0.8,-2.4,-3.2,-0.1
319,Anthony Brown\brownan02,SF,24,TOT,11,159,7.2,.430,.540,.000,5.3,16.9,11.0,7.8,1.5,0.5,10.7,15.6,,-0.2,0.2,0.0,-0.001,,-3.8,-0.4,-4.2,-0.1
320,Alec Burks\burksal01,SG,25,UTA,21,319,12.4,.535,.316,.376,1.9,11.9,7.0,6.9,2.0,0.8,11.7,22.7,,0.0,0.5,0.5,.075,,-2.4,-0.6,-3.0,-0.1
321,Marquese Chriss\chrisma01,PF,19,PHO,57,1070,10.9,.496,.350,.261,6.5,14.4,10.3,5.1,2.0,2.6,12.2,19.7,,-0.1,0.9,0.8,.034,,-2.2,-0.4,-2.5,-0.1
322,Troy Daniels\danietr01,SG,25,MEM,43,742,11.9,.549,.700,.139,1.9,6.9,4.4,6.5,1.0,0.3,7.2,22.1,,0.7,0.6,1.3,.082,,1.1,-3.4,-2.3,-0.1
323,Deyonta Davis\davisde01,C,20,MEM,25,183,10.9,.526,.000,.385,10.3,21.7,15.8,1.7,0.3,7.3,14.9,13.2,,0.1,0.3,0.4,.095,,-5.8,2.0,-3.8,-0.1
324,Luol Deng\denglu01,SF,31,LAL,54,1455,10.3,.474,.391,.152,4.4,17.5,10.7,7.0,1.6,1.1,8.7,14.2,,0.2,0.8,1.0,.034,,-2.2,-0.1,-2.2,-0.1
325,Cheick Diallo\diallch01,PF,20,NOP,9,94,16.9,.472,.000,.256,13.3,22.6,17.9,5.2,1.6,2.6,4.4,21.4,,0.1,0.1,0.2,.103,,-3.8,-0.7,-4.5,-0.1
326,Spencer Dinwiddie\dinwisp01,PG,23,BRK,33,705,11.7,.572,.286,.423,1.8,11.1,6.5,19.8,1.2,1.3,16.0,14.4,,0.8,0.3,1.1,.076,,-1.7,-0.7,-2.4,-0.1
327,Mike Dunleavy\dunlemi02,SF,36,TOT,41,658,9.3,.570,.628,.174,2.1,12.9,7.6,8.1,0.8,0.5,11.9,14.0,,0.5,0.5,1.0,.073,,-1.3,-1.2,-2.5,-0.1
328,Henry Ellenson\ellenhe01,PF,20,DET,14,56,6.0,.448,.609,.043,3.9,20.2,11.9,10.5,0.0,0.0,17.6,22.7,,-0.1,0.0,-0.1,-0.065,,-4.9,-2.6,-7.5,-0.1
329,Dante Exum\exumda01,PG,21,UTA,42,779,8.5,.519,.412,.159,2.3,8.7,5.6,14.1,0.9,0.8,15.3,17.7,,0.0,0.9,0.9,.055,,-1.9,-0.4,-2.4,-0.1
330,Bryn Forbes\forbebr01,SG,23,SAS,20,95,4.7,.440,.500,.036,1.2,8.1,4.8,4.4,0.5,0.0,0.0,13.5,,0.0,0.1,0.1,.039,,-3.2,-2.3,-5.4,-0.1
331,Michael Gbinije\gbinimi01,SG,24,DET,9,32,-2.1,.184,.400,.200,6.8,3.5,5.2,7.9,0.0,0.0,0.0,15.2,,-0.1,0.0,-0.1,-0.137,,-7.5,-2.7,-10.3,-0.1
332,Alonzo Gee\geeal01,SF,29,DEN,13,89,3.0,.306,.214,.643,4.9,12.6,8.8,8.4,2.7,0.9,18.2,10.4,,-0.1,0.1,-0.1,-0.037,,-5.4,0.8,-4.6,-0.1
333,Treveon Graham\grahatr01,SG,23,CHO,18,106,7.3,.580,.444,.556,2.0,12.1,7.1,6.6,0.9,0.0,8.2,10.3,,0.1,0.1,0.2,.091,,-2.7,-1.2,-3.9,-0.1
334,A.J. Hammons\hammoaj01,C,24,DAL,17,77,9.7,.455,.273,.455,7.2,24.0,15.2,4.1,0.0,7.0,10.2,18.1,,-0.1,0.1,0.0,.015,,-6.7,1.1,-5.6,-0.1
335,Gerald Henderson\hendege02,SG,29,PHI,51,1226,11.8,.556,.280,.288,1.8,9.7,5.8,11.2,1.2,0.7,9.7,17.6,,1.1,0.9,2.0,.076,,-1.4,-1.0,-2.5,-0.1
336,Jordan Hill\hilljo01,C,29,MIN,5,40,5.8,.421,.000,.182,20.0,17.7,18.9,0.0,1.3,0.0,20.2,16.5,,0.0,0.0,0.0,-0.011,,-6.7,-6.1,-12.7,-0.1
337,Al Jefferson\jeffeal01,C,32,IND,57,832,19.4,.534,.002,.188,9.2,23.4,16.4,11.2,1.0,1.6,5.8,26.0,,1.3,0.9,2.2,.125,,-1.0,-1.5,-2.5,-0.1
338,Richard Jefferson\jefferi01,SF,36,CLE,55,1075,7.4,.548,.534,.319,2.2,10.7,6.6,6.5,0.7,0.4,11.7,12.2,,0.7,0.6,1.3,.058,,-1.7,-0.9,-2.5,-0.1
339,Brandon Jennings\jennibr01,PG,27,NYK,57,1416,12.7,.510,.469,.310,1.6,9.7,5.6,28.2,1.9,0.3,18.0,17.9,,1.0,0.6,1.6,.053,,-0.2,-2.1,-2.4,-0.1
340,Damian Jones\jonesda03,C,21,GSW,8,45,5.9,.571,.000,.857,15.8,11.4,13.4,0.0,1.1,3.5,34.2,14.0,,0.0,0.1,0.0,.030,,-5.9,-1.8,-7.7,-0.1
341,Mindaugas Kuzminskas\kuzmimi01,SF,27,NYK,48,693,12.2,.524,.480,.172,4.9,8.8,6.9,9.8,1.8,1.0,11.5,18.8,,0.5,0.3,0.8,.053,,-0.3,-2.0,-2.3,-0.1
342,Jeremy Lamb\lambje01,SG,24,CHO,37,634,16.2,.527,.307,.289,3.1,24.3,13.7,11.2,0.9,1.8,6.4,24.3,,0.5,0.8,1.4,.103,,-1.5,-0.9,-2.4,-0.1
343,Nicolas Laprovittola\laproni01,PG,27,SAS,18,174,8.4,.579,.574,.191,0.7,5.7,3.3,22.8,1.2,0.5,27.2,18.2,,0.0,0.2,0.2,.043,,-2.4,-2.5,-4.9,-0.1
344,Ian Mahinmi\mahinia01,C,30,WAS,5,67,3.7,.452,.000,1.500,3.4,18.2,11.0,0.0,2.2,3.8,23.1,11.4,,-0.1,0.1,0.0,.004,,-8.5,0.4,-8.0,-0.1
345,Patrick McCaw\mccawpa01,SG,21,GSW,47,582,7.7,.524,.571,.129,2.0,6.7,4.5,9.4,1.3,1.4,12.9,12.6,,0.1,0.6,0.7,.058,,-1.9,-0.6,-2.5,-0.1
346,Sheldon McClellan\mcclesh01,SG,24,WAS,25,248,9.9,.492,.406,.328,1.9,11.6,6.8,8.0,1.6,0.7,3.9,13.5,,0.2,0.2,0.4,.084,,-2.2,-0.9,-3.1,-0.1
347,T.J. McConnell\mccontj01,PG,24,PHI,55,1369,13.3,.502,.102,.152,1.8,11.5,6.6,37.6,2.9,0.4,22.5,14.1,,0.8,1.6,2.4,.084,,-2.4,0.0,-2.3,-0.1
348,Jordan Mickey\mickejo01,PF,22,BOS,16,116,10.8,.509,.034,.345,11.6,15.5,13.6,6.3,0.9,2.1,17.3,15.6,,0.0,0.1,0.1,.050,,-4.3,-0.6,-4.9,-0.1
349,Maurice Ndour\ndourma01,PF,24,NYK,21,145,11.2,.518,.125,.250,6.6,14.0,10.3,1.0,2.7,1.1,10.1,14.6,,0.1,0.1,0.2,.067,,-3.7,-1.7,-5.4,-0.1
350,Gary Neal\nealga01,SG,32,ATL,2,18,-4.3,.228,.286,.571,0.0,6.0,3.1,7.0,0.0,0.0,0.0,21.3,,-0.1,0.0,-0.1,-0.193,,-11.7,-4.9,-16.6,-0.1
351,Steve Novak\novakst01,PF,33,MIL,8,22,1.3,.357,.857,.000,0.0,15.3,7.8,0.0,0.0,0.0,0.0,14.3,,0.0,0.0,0.0,-0.075,,-6.5,-6.9,-13.4,-0.1
352,Daniel Ochefu\ochefda01,C,23,WAS,13,47,4.3,.441,.000,.133,4.9,30.7,18.0,6.1,1.1,0.0,15.9,17.7,,-0.1,0.1,0.0,-0.016,,-8.3,-1.3,-9.6,-0.1
353,Lamar Patterson\pattela01,SG,25,ATL,4,30,-2.2,.338,.417,.250,3.7,18.1,11.0,14.4,1.6,0.0,23.1,25.3,,-0.2,0.0,-0.1,-0.188,,-10.3,-1.3,-11.5,-0.1
354,Paul Pierce\piercpa01,SF,39,LAC,13,153,4.6,.529,.659,.244,0.0,12.7,6.5,1.8,1.0,1.6,15.0,15.5,,-0.1,0.1,0.0,.008,,-3.8,-1.4,-5.2,-0.1
355,Bobby Portis\portibo01,PF,21,CHI,39,472,13.6,.538,.232,.206,9.5,20.5,14.9,6.7,0.8,1.0,11.5,17.6,,0.5,0.5,0.9,.094,,-1.7,-1.4,-3.1,-0.1
356,Brian Roberts\roberbr01,PG,31,CHO,21,157,11.6,.523,.333,.571,2.1,10.9,6.5,23.2,0.6,0.0,16.0,17.8,,0.1,0.1,0.2,.070,,-2.8,-2.7,-5.4,-0.1
357,Derrick Rose\rosede01,PG,28,NYK,49,1576,16.2,.517,.071,.225,3.7,9.2,6.5,23.0,1.1,0.9,12.6,26.0,,1.3,0.4,1.7,.051,,-0.3,-2.1,-2.3,-0.1
358,Terry Rozier\roziete01,PG,22,BOS,52,941,10.7,.469,.408,.176,3.3,15.6,9.5,13.8,1.7,0.9,8.8,16.2,,0.2,0.9,1.0,.053,,-2.4,-0.1,-2.6,-0.1
359,Damjan Rudez\rudezda01,SF,30,ORL,35,267,7.4,.507,.771,.000,2.0,7.6,4.7,8.7,2.1,0.3,10.3,13.0,,0.0,0.2,0.2,.035,,-2.0,-1.3,-3.3,-0.1
360,Tomas Satoransky\satorto01,SG,25,WAS,39,553,8.9,.490,.248,.239,4.4,9.2,6.8,16.9,1.8,0.8,20.5,12.1,,0.1,0.5,0.6,.054,,-2.7,0.2,-2.6,-0.1
361,Kevin Seraphin\serapke01,PF,27,IND,34,416,13.6,.552,.007,.074,8.5,20.4,14.6,7.2,0.5,3.1,11.9,17.1,,0.3,0.4,0.7,.078,,-2.9,-0.2,-3.2,-0.1
362,Jason Smith\smithja02,C,30,WAS,53,710,12.5,.574,.098,.168,8.4,18.8,13.7,3.7,1.0,4.4,15.5,16.9,,0.4,1.0,1.4,.093,,-3.3,0.6,-2.7,-0.1
363,Diamond Stone\stonedi01,C,19,LAC,7,24,-1.2,.339,.000,.308,4.7,22.5,13.8,0.0,0.0,3.4,11.9,31.0,,-0.1,0.0,-0.1,-0.206,,-17.0,-6.8,-23.8,-0.1
364,Hollis Thompson\thompho01,SG,25,TOT,32,566,9.0,.507,.444,.136,2.9,13.3,8.1,7.1,1.2,0.9,5.0,13.9,,0.2,0.5,0.7,.060,,-2.3,-0.6,-3.0,-0.1
365,Beno Udrih\udrihbe01,PG,34,DET,30,420,15.3,.527,.187,.173,1.3,8.9,5.0,32.7,0.8,0.0,12.9,19.7,,0.6,0.3,0.9,.105,,-0.5,-2.6,-3.1,-0.1
366,Greivis Vasquez\vasqugr01,PG,30,BRK,3,39,4.1,.376,.375,.375,0.0,5.4,2.7,17.5,1.2,1.9,9.7,11.3,,0.0,0.0,0.0,-0.013,,-5.7,-2.0,-7.7,-0.1
367,Sasha Vujacic\vujacsa01,SG,32,NYK,29,231,8.8,.475,.569,.231,1.4,13.9,7.6,13.6,1.9,0.7,12.3,15.2,,0.0,0.1,0.2,.036,,-2.4,-1.5,-3.8,-0.1
368,Briante Weber\weberbr01,PG,24,GSW,6,44,2.2,.325,.182,.273,0.0,7.0,3.7,13.6,2.2,1.8,19.6,15.0,,-0.1,0.1,-0.1,-0.065,,-8.4,0.1,-8.2,-0.1
369,C.J. Wilcox\wilcocj01,SG,26,ORL,16,75,5.0,.391,.706,.118,2.9,10.5,6.6,16.7,0.7,1.1,18.3,12.9,,-0.1,0.0,0.0,-0.032,,-5.0,-1.6,-6.6,-0.1
370,Troy Williams\willitr02,SF,22,MEM,24,418,7.7,.477,.336,.205,1.6,10.6,6.0,7.3,3.0,2.1,16.9,17.3,,-0.6,0.6,0.1,.010,,-4.6,1.8,-2.8,-0.1
371,Kyle Wiltjer\wiltjky01,PF,24,HOU,9,29,4.4,.460,1.000,.200,11.5,15.3,13.4,0.0,0.0,2.8,21.6,20.4,,-0.1,0.0,0.0,-0.061,,-5.8,-6.3,-12.2,-0.1
372,Justise Winslow\winslju01,SF,20,MIA,18,625,8.2,.397,.155,.208,4.0,12.5,8.3,15.7,2.2,0.8,11.8,19.9,,-0.9,0.8,-0.2,-0.014,,-4.1,1.3,-2.8,-0.1
373,Metta World Peace\artesro01,SF,37,LAL,18,81,0.3,.286,.571,.286,3.9,8.3,6.0,8.5,1.8,2.0,8.7,18.2,,-0.3,0.0,-0.2,-0.130,,-6.7,-2.0,-8.7,-0.1
374,Joe Young\youngjo01,PG,24,IND,25,121,11.8,.432,.348,.197,0.9,11.9,6.5,18.9,1.6,0.0,5.3,28.0,,-0.1,0.1,-0.1,-0.025,,-2.8,-4.0,-6.8,-0.1
375,Ivica Zubac\zubaciv01,C,19,LAL,23,305,16.2,.534,.000,.209,9.6,22.8,16.0,6.4,0.8,4.8,12.5,20.1,,0.2,0.3,0.5,.073,,-3.7,-0.1,-3.7,-0.1
376,Alex Abrines\abrinal01,SG,23,OKC,46,643,9.9,.566,.716,.204,2.1,6.7,4.4,5.2,1.6,0.6,9.5,16.0,,0.7,0.5,1.2,.091,,-0.6,-2.5,-3.1,-0.2
377,Alexis Ajinca\ajincal01,C,28,NOP,23,350,11.0,.497,.031,.247,7.7,23.7,15.6,3.0,1.7,4.0,16.3,16.3,,-0.2,0.6,0.3,.047,,-6.4,1.5,-4.8,-0.2
378,Alan Anderson\anderal01,SF,34,LAC,23,266,4.6,.472,.557,.171,1.3,8.1,4.8,5.7,0.6,0.0,8.5,13.7,,-0.1,0.1,0.0,.008,,-3.0,-2.1,-5.1,-0.2
379,Omer Asik\asikom01,C,30,NOP,31,482,9.8,.517,.000,.600,10.4,25.3,17.8,4.3,0.5,1.7,14.6,8.8,,0.4,0.6,1.0,.096,,-4.4,0.9,-3.4,-0.2
380,Ron Baker\bakerro01,SG,23,NYK,29,330,8.4,.467,.451,.242,1.9,11.7,6.8,14.2,2.4,0.7,16.6,15.7,,-0.2,0.2,0.0,.006,,-3.1,-0.9,-3.9,-0.2
381,DeAndre' Bembry\bembrde01,SF,22,ATL,26,269,8.7,.474,.149,.189,3.3,13.3,8.4,11.2,0.9,0.9,11.1,14.7,,-0.1,0.3,0.2,.035,,-4.6,-0.4,-5.0,-0.2
382,Dragan Bender\bendedr01,PF,19,PHO,38,481,5.8,.474,.653,.065,3.6,15.7,9.4,5.0,0.9,3.2,17.5,13.5,,-0.4,0.3,-0.1,-0.012,,-3.7,0.0,-3.8,-0.2
383,Corey Brewer\breweco01,SF,30,HOU,58,923,7.6,.491,.414,.194,2.5,11.1,6.8,9.0,2.0,1.0,12.7,13.0,,0.0,0.9,1.0,.051,,-3.0,0.1,-2.9,-0.2
384,Bobby Brown\brownbo02,PG,32,HOU,18,54,-1.1,.333,.500,.000,0.0,10.2,5.1,5.4,0.0,0.0,6.3,25.3,,-0.2,0.0,-0.2,-0.178,,-9.8,-6.4,-16.2,-0.2
385,Jose Calderon\caldejo01,PG,35,LAL,24,292,9.1,.508,.442,.052,2.9,12.7,7.6,25.2,1.2,0.3,24.8,15.3,,-0.1,0.1,0.0,.002,,-2.9,-2.2,-5.1,-0.2
386,Isaiah Canaan\canaais01,SG,25,CHI,33,572,8.4,.490,.537,.189,1.1,7.9,4.5,9.0,1.9,0.1,9.7,15.0,,0.1,0.4,0.5,.046,,-1.8,-1.3,-3.1,-0.2
387,Omri Casspi\casspom01,SF,28,TOT,23,421,11.3,.521,.262,.167,5.8,19.6,12.7,9.6,1.2,0.2,12.3,16.5,,0.1,0.3,0.4,.045,,-2.6,-1.3,-3.9,-0.2
388,Jordan Clarkson\clarkjo01,SG,24,LAL,58,1587,13.3,.528,.309,.157,2.6,9.1,5.7,12.6,2.2,0.3,12.7,23.1,,0.2,0.7,0.9,.027,,-0.7,-1.9,-2.6,-0.2
389,Monta Ellis\ellismo01,SG,31,IND,49,1331,9.7,.522,.230,.273,0.7,10.7,5.8,17.8,1.7,1.2,18.9,16.0,,-0.3,1.0,0.7,.026,,-2.7,0.0,-2.6,-0.2
390,Jonathan Gibson\gibsojo01,PG,29,DAL,17,231,9.7,.492,.474,.305,0.5,11.2,5.6,18.7,1.8,0.0,16.3,26.4,,-0.3,0.2,-0.1,-0.029,,-3.2,-2.2,-5.5,-0.2
391,Gerald Green\greenge01,SG,31,BOS,36,410,12.3,.512,.453,.144,4.1,13.7,8.9,11.2,0.9,1.0,7.7,22.7,,0.2,0.3,0.5,.053,,-1.4,-2.9,-4.3,-0.2
392,Joe Harris\harrijo01,SG,25,BRK,48,1057,9.4,.565,.604,.139,1.4,12.1,6.8,7.8,1.3,0.4,12.2,16.5,,0.3,0.4,0.7,.032,,-1.2,-1.6,-2.8,-0.2
393,Joffrey Lauvergne\lauvejo01,C,25,OKC,50,739,12.9,.531,.320,.238,7.7,19.7,13.7,10.5,1.1,0.6,12.6,17.8,,0.6,0.8,1.4,.090,,-1.9,-1.2,-3.1,-0.2
394,Jake Layman\laymaja01,SF,22,POR,25,155,7.2,.454,.684,.228,1.4,8.7,5.0,6.6,1.9,1.0,8.7,19.4,,-0.1,0.1,-0.1,-0.018,,-3.0,-3.1,-6.0,-0.2
395,K.J. McDaniels\mcdankj01,SF,23,HOU,29,212,10.1,.552,.397,.147,3.1,12.5,7.8,2.7,1.4,3.1,12.1,16.6,,0.0,0.2,0.3,.061,,-3.7,-1.1,-4.8,-0.2
396,Doug McDermott\mcderdo01,SF,25,CHI,44,1078,11.5,.555,.399,.180,1.4,11.8,6.5,6.6,0.5,0.3,7.4,17.5,,1.3,0.6,1.9,.083,,-0.6,-2.3,-2.9,-0.2
397,Dejounte Murray\murrade01,PG,20,SAS,31,243,9.9,.519,.196,.258,2.4,11.8,7.2,19.8,1.0,1.4,22.3,25.8,,-0.3,0.3,0.0,-0.007,,-4.7,-1.0,-5.7,-0.2
398,Jameer Nelson\nelsoja01,PG,34,DEN,57,1503,11.4,.539,.434,.097,1.6,8.8,5.1,26.9,1.3,0.3,17.2,16.4,,1.6,0.2,1.8,.058,,0.3,-2.7,-2.4,-0.2
399,Georges Niang\niangge01,PF,23,IND,22,90,0.0,.285,.333,.056,2.5,17.2,10.0,7.8,1.7,0.0,11.9,20.8,,-0.4,0.1,-0.3,-0.181,,-9.9,-2.3,-12.1,-0.2
400,Andrew Nicholson\nichoan01,PF,27,WAS,28,231,6.4,.425,.208,.156,5.5,11.1,8.3,4.2,2.4,2.2,11.8,17.8,,-0.3,0.3,0.0,-0.005,,-5.5,-0.1,-5.6,-0.2
401,Jahlil Okafor\okafoja01,C,21,PHI,38,874,14.9,.535,.000,.344,7.8,15.2,11.5,8.2,0.8,3.8,11.8,22.9,,0.2,0.9,1.1,.063,,-3.2,0.3,-3.0,-0.2
402,Tony Parker\parketo01,PG,34,SAS,43,1121,13.8,.521,.111,.188,0.9,7.0,4.1,28.5,0.9,0.1,11.5,20.0,,1.4,1.1,2.5,.106,,-0.6,-2.0,-2.6,-0.2
403,Chandler Parsons\parsoch01,SF,28,MEM,27,523,9.2,.450,.411,.194,0.6,13.8,7.1,13.5,1.7,0.7,7.6,18.3,,-0.2,0.6,0.5,.043,,-3.0,-0.2,-3.2,-0.2
404,Miles Plumlee\plumlmi01,C,28,TOT,37,377,8.7,.519,.000,.443,8.3,13.2,10.8,7.4,1.6,2.8,20.9,14.2,,-0.1,0.4,0.3,.036,,-4.2,0.5,-3.8,-0.2
405,Malachi Richardson\richama01,SG,21,SAC,22,198,9.6,.517,.412,.279,1.8,11.7,6.8,8.8,1.3,0.5,9.5,19.2,,0.0,0.1,0.1,.033,,-2.6,-3.0,-5.7,-0.2
406,Mike Scott\scottmi01,PF,28,ATL,18,195,6.2,.366,.466,.138,5.7,15.1,10.5,12.3,1.0,1.3,11.5,15.6,,-0.3,0.2,0.0,-0.011,,-5.0,0.0,-5.1,-0.2
407,Lance Stephenson\stephla01,SG,26,TOT,10,211,9.7,.491,.153,.139,1.5,11.5,6.4,23.9,0.5,0.4,14.5,18.8,,0.0,0.1,0.1,.013,,-3.6,-2.5,-6.2,-0.2
408,Jared Sullinger\sullija01,PF,24,TOR,11,118,5.6,.359,.375,.167,9.5,16.4,12.9,3.7,1.7,0.7,7.2,20.9,,-0.2,0.1,-0.1,-0.046,,-5.1,-2.9,-8.0,-0.2
409,Marcus Thornton\thornma01,SG,29,WAS,33,575,10.5,.494,.381,.129,4.4,10.4,7.5,9.9,1.6,0.4,10.1,18.9,,0.1,0.5,0.6,.050,,-1.7,-1.4,-3.2,-0.2
410,Evan Turner\turneev01,SG,28,POR,50,1311,12.2,.504,.222,.184,2.2,14.0,8.0,19.5,1.6,1.1,14.2,18.8,,0.3,0.8,1.0,.037,,-2.0,-0.5,-2.5,-0.2
411,Denzel Valentine\valende01,SG,23,CHI,32,401,5.6,.438,.697,.084,0.8,13.7,7.2,7.9,2.1,0.6,14.5,15.7,,-0.5,0.4,-0.1,-0.008,,-3.7,-0.6,-4.3,-0.2
412,Rashad Vaughn\vaughra01,SG,20,MIL,24,277,8.1,.459,.589,.021,0.4,11.3,6.0,5.2,2.2,1.6,6.8,16.7,,-0.2,0.2,0.0,-0.001,,-3.2,-1.7,-4.8,-0.2
413,Taurean Waller-Prince\princta02,SF,22,ATL,33,353,8.7,.495,.388,.311,2.2,17.9,10.2,8.7,1.8,2.1,16.4,17.4,,-0.2,0.5,0.3,.039,,-4.9,0.8,-4.0,-0.2
414,Wade Baldwin\baldwwa01,PG,20,MEM,24,309,6.8,.413,.214,.381,2.5,9.8,6.1,24.0,2.3,1.9,24.0,18.9,,-0.6,0.4,-0.2,-0.029,,-6.1,0.7,-5.4,-0.3
415,Leandro Barbosa\barbole01,SG,34,PHO,53,696,12.4,.510,.228,.089,1.7,10.5,6.0,14.2,1.6,0.7,8.5,19.3,,0.5,0.3,0.8,.053,,-1.5,-1.9,-3.5,-0.3
416,Devin Booker\bookede01,SG,20,PHO,56,1933,14.2,.530,.288,.286,1.9,7.2,4.5,15.6,1.2,0.7,12.7,27.9,,1.1,0.4,1.5,.037,,0.2,-2.9,-2.7,-0.3
417,Aaron Brooks\brookaa01,PG,32,IND,46,660,10.3,.505,.447,.128,2.4,6.4,4.4,22.5,1.7,1.0,17.3,19.6,,-0.2,0.4,0.2,.016,,-1.7,-2.4,-4.0,-0.3
418,Boris Diaw\diawbo01,PF,34,UTA,48,872,8.0,.505,.265,.112,3.6,9.1,6.4,18.4,0.8,0.2,22.1,15.6,,-0.3,0.9,0.6,.032,,-3.0,-0.2,-3.2,-0.3
419,Kris Dunn\dunnkr01,PG,22,MIN,53,882,7.4,.420,.240,.245,2.1,13.3,7.6,21.1,2.7,2.3,23.9,14.9,,-1.2,0.9,-0.3,-0.014,,-4.5,1.3,-3.2,-0.3
420,Kay Felder\feldeka01,PG,21,CLE,36,344,11.7,.481,.150,.338,1.0,10.3,5.8,20.9,1.9,1.4,13.1,22.4,,0.0,0.3,0.3,.042,,-3.9,-1.1,-5.0,-0.3
421,Marcelo Huertas\huertma01,PG,33,LAL,23,237,9.1,.417,.279,.250,0.9,10.4,5.5,31.4,2.1,0.7,20.1,17.0,,-0.2,0.1,-0.1,-0.022,,-4.4,-2.4,-6.8,-0.3
422,Jamal Murray\murraja01,SG,19,DEN,57,1134,11.0,.505,.485,.178,3.2,10.9,7.0,12.9,1.2,1.3,12.9,21.0,,0.3,0.3,0.6,.024,,-0.9,-2.3,-3.2,-0.3
423,Dario Saric\saricda01,PF,22,PHI,56,1368,11.5,.498,.394,.208,6.0,20.7,13.4,11.8,1.3,0.9,15.0,22.9,,-1.0,1.5,0.4,.015,,-2.7,-0.3,-3.0,-0.3
424,Rodney Stuckey\stuckro01,PG,30,IND,25,465,12.2,.542,.224,.485,1.0,12.1,6.6,16.0,1.1,0.0,14.5,22.5,,0.1,0.3,0.4,.040,,-2.3,-2.5,-4.8,-0.3
425,Lance Thomas\thomala01,PF,28,NYK,33,590,6.8,.490,.338,.152,3.3,9.1,6.2,4.4,1.3,0.5,9.0,12.9,,0.1,0.2,0.3,.023,,-2.7,-1.7,-4.4,-0.3
426,Tyler Ulis\ulisty01,PG,21,PHO,36,324,9.6,.445,.150,.133,3.0,5.6,4.3,21.4,3.0,0.3,17.0,19.9,,-0.3,0.2,-0.1,-0.019,,-3.8,-1.7,-5.4,-0.3
427,C.J. Watson\watsocj01,PG,32,ORL,46,774,9.6,.522,.411,.317,1.4,8.3,4.8,15.6,2.1,0.1,14.9,13.8,,0.3,0.5,0.8,.050,,-2.5,-0.8,-3.3,-0.3
428,Derrick Williams\willide02,PF,25,TOT,30,495,11.2,.506,.352,.406,3.5,15.5,9.5,5.8,1.1,0.8,7.6,18.9,,0.2,0.5,0.7,.065,,-2.7,-1.6,-4.3,-0.3
429,Paul Zipser\zipsepa01,SF,22,CHI,23,350,6.1,.466,.505,.275,2.4,13.8,8.0,4.1,1.0,1.1,13.6,14.7,,-0.2,0.3,0.1,.009,,-4.2,-1.2,-5.4,-0.3
430,Bojan Bogdanovic\bogdabo02,SF,27,BRK,55,1482,13.1,.572,.453,.273,1.7,12.3,7.0,10.1,0.8,0.2,11.8,22.4,,1.1,0.3,1.5,.048,,-0.3,-2.8,-3.0,-0.4
431,Tyler Ennis\ennisty01,PG,22,HOU,31,196,4.1,.444,.250,.047,2.3,8.5,5.4,24.5,1.5,0.0,26.9,19.4,,-0.4,0.1,-0.2,-0.055,,-6.7,-2.7,-9.4,-0.4
432,Darrun Hilliard\hillida01,SG,23,DET,27,290,3.5,.413,.375,.250,0.7,9.8,5.2,11.1,1.2,0.3,15.8,19.5,,-0.6,0.3,-0.4,-0.062,,-5.9,-1.2,-7.2,-0.4
433,Jordan McRae\mcraejo01,SG,25,CLE,37,384,9.7,.488,.340,.227,1.8,9.5,5.7,7.3,1.0,1.3,7.8,20.5,,0.0,0.3,0.2,.031,,-3.6,-2.4,-6.0,-0.4
434,Anthony Morrow\morroan01,SG,31,OKC,40,627,9.1,.493,.536,.117,1.9,3.2,2.6,4.5,1.6,0.3,2.9,16.3,,0.4,0.4,0.8,.064,,-1.8,-3.0,-4.8,-0.4
435,Timofey Mozgov\mozgoti01,C,30,LAL,53,1089,12.2,.548,.003,.234,9.9,16.3,13.0,5.9,0.7,2.2,16.3,16.8,,0.6,0.5,1.1,.049,,-2.8,-0.8,-3.6,-0.4
436,Cameron Payne\payneca01,PG,22,OKC,20,320,6.1,.402,.400,.031,0.7,10.0,5.4,18.5,1.5,1.2,11.4,19.8,,-0.4,0.3,-0.1,-0.019,,-4.9,-2.0,-6.9,-0.4
437,Sergio Rodriguez\rodrise01,PG,30,PHI,51,1158,11.3,.494,.480,.051,1.4,10.5,5.9,35.9,1.7,0.3,20.5,19.8,,-0.4,0.9,0.5,.022,,-1.6,-2.0,-3.5,-0.4
438,Kyle Singler\singlky01,SF,28,OKC,27,282,4.5,.493,.473,.200,1.6,10.9,6.3,2.4,0.5,1.1,14.3,10.5,,-0.1,0.2,0.1,.014,,-5.4,-1.7,-7.1,-0.4
439,D.J. Augustin\augusdj01,PG,29,ORL,58,1203,11.8,.536,.541,.309,0.8,7.1,3.9,21.9,1.0,0.1,13.0,19.3,,0.9,0.4,1.4,.055,,-0.3,-3.3,-3.6,-0.5
440,Jamal Crawford\crawfja01,SG,36,LAC,57,1538,11.6,.510,.363,.220,1.0,5.8,3.5,16.7,1.4,0.7,12.7,23.1,,0.0,1.0,1.0,.030,,-1.3,-2.0,-3.2,-0.5
441,Mario Hezonja\hezonma01,SF,21,ORL,42,492,7.0,.464,.455,.096,2.2,14.2,8.0,10.0,1.6,1.3,16.6,20.0,,-0.9,0.4,-0.5,-0.044,,-5.0,-1.0,-6.0,-0.5
442,Buddy Hield\hieldbu01,SG,23,TOT,58,1187,10.2,.506,.506,.075,1.7,13.7,7.6,10.4,0.8,0.5,9.0,20.4,,-0.4,0.9,0.5,.020,,-1.9,-1.9,-3.8,-0.5
443,Sean Kilpatrick\kilpase01,SG,27,BRK,55,1429,12.5,.545,.415,.310,1.3,15.0,8.2,14.7,1.3,0.3,15.2,23.9,,-0.1,0.7,0.6,.020,,-1.5,-1.8,-3.3,-0.5
444,Meyers Leonard\leoname01,PF,24,POR,49,795,8.3,.491,.576,.115,2.7,19.4,11.0,7.7,0.4,2.0,8.6,16.6,,0.0,0.4,0.5,.028,,-2.6,-1.7,-4.3,-0.5
445,Timothe Luwawu-Cabarrot\luwawti01,SF,21,PHI,43,493,6.2,.512,.341,.417,2.2,11.2,6.7,9.8,1.0,1.0,17.9,16.8,,-0.3,0.4,0.1,.005,,-4.8,-1.1,-5.9,-0.5
446,Emmanuel Mudiay\mudiaem01,PG,20,DEN,44,1237,10.2,.472,.328,.293,2.3,11.8,7.0,21.5,1.5,0.7,16.6,22.4,,-0.5,0.4,-0.2,-0.006,,-2.0,-1.7,-3.7,-0.5
447,Shabazz Muhammad\muhamsh01,SF,24,MIN,53,1040,14.3,.570,.259,.319,5.8,11.3,8.5,3.8,0.7,0.3,7.4,20.1,,1.8,0.3,2.0,.093,,-0.2,-3.8,-4.0,-0.5
448,Ramon Sessions\sessira01,PG,30,CHO,50,811,12.2,.495,.236,.449,1.6,8.2,4.9,24.4,1.5,0.3,12.7,19.8,,0.3,0.7,1.0,.060,,-2.4,-2.0,-4.4,-0.5
449,Mirza Teletovic\teletmi01,PF,31,MIL,46,751,9.3,.530,.742,.127,1.6,15.1,8.5,6.7,0.5,1.2,9.9,19.9,,0.0,0.4,0.4,.024,,-0.9,-3.6,-4.5,-0.5
450,Arron Afflalo\afflaar01,SG,31,SAC,49,1253,8.2,.548,.386,.216,0.8,7.8,4.3,7.3,0.7,0.4,8.6,13.8,,0.8,0.3,1.0,.040,,-1.8,-2.2,-3.9,-0.6
451,Jaylen Brown\brownja02,SF,20,BOS,53,821,9.6,.514,.271,.337,3.8,14.8,9.3,6.1,1.3,1.3,11.2,18.0,,0.0,0.7,0.7,.042,,-3.8,-1.2,-5.0,-0.6
452,Trey Burke\burketr01,PG,24,WAS,51,643,10.7,.518,.258,.107,1.3,6.6,4.0,21.0,0.8,0.7,14.7,19.6,,0.2,0.3,0.5,.040,,-2.6,-3.1,-5.7,-0.6
453,Randy Foye\foyera01,SG,33,BRK,43,813,6.9,.502,.605,.172,1.1,12.3,6.8,16.3,1.0,0.6,20.6,15.3,,-0.6,0.3,-0.3,-0.017,,-3.4,-1.3,-4.7,-0.6
454,Ben McLemore\mclembe01,SG,23,SAC,43,777,8.7,.523,.434,.164,1.9,7.9,4.9,7.3,1.4,0.6,11.9,18.1,,-0.1,0.3,0.2,.011,,-2.4,-2.5,-4.9,-0.6
455,Brandon Knight\knighbr03,SG,25,PHO,54,1140,12.6,.502,.265,.293,2.2,9.6,5.8,18.1,1.1,0.4,12.9,25.2,,0.2,0.3,0.5,.020,,-1.5,-2.9,-4.4,-0.7
456,Jarell Martin\martija01,PF,22,MEM,40,538,7.8,.469,.181,.333,7.6,25.6,16.4,2.0,1.4,1.4,14.1,16.1,,-0.3,0.9,0.6,.051,,-6.3,-0.6,-6.9,-0.7
457,Semaj Christon\chrisse01,PG,24,OKC,40,590,6.0,.378,.266,.146,2.6,8.0,5.3,21.5,1.2,0.4,14.3,14.1,,-0.5,0.4,-0.1,-0.005,,-5.2,-2.0,-7.2,-0.8
458,Malcolm Delaney\delanma01,PG,27,ATL,56,991,8.4,.472,.280,.233,0.9,10.1,5.6,22.9,1.5,0.1,17.8,18.9,,-0.7,1.0,0.3,.013,,-4.1,-1.3,-5.4,-0.8
459,Matthew Dellavedova\dellama01,PG,26,MIL,50,1325,10.1,.502,.391,.206,1.5,7.2,4.4,27.3,1.6,0.0,19.5,15.9,,0.5,0.5,1.0,.036,,-1.5,-2.9,-4.4,-0.8
460,Jeff Green\greenje02,SF,30,ORL,57,1320,10.2,.502,.353,.315,2.6,12.2,7.3,8.1,1.1,0.7,10.8,20.2,,-0.2,0.8,0.6,.021,,-2.8,-1.7,-4.5,-0.8
461,Noah Vonleh\vonleno01,PF,21,POR,49,650,8.3,.463,.131,.294,11.1,23.8,17.3,2.4,1.1,2.1,18.8,14.4,,-0.4,0.6,0.1,.011,,-5.8,-1.1,-6.9,-0.8
462,Domantas Sabonis\sabondo01,PF,20,OKC,57,1235,6.6,.472,.352,.094,3.1,15.9,9.5,7.0,1.2,1.5,15.3,14.9,,-0.9,1.3,0.4,.016,,-4.7,-0.1,-4.9,-0.9
463,Brandon Ingram\ingrabr01,SF,19,LAL,58,1604,7.2,.451,.302,.331,2.7,13.7,8.0,10.0,0.8,1.3,12.6,15.6,,-0.9,0.4,-0.5,-0.014,,-3.7,-0.7,-4.4,-1.0
464,Isaiah Whitehead\whiteis01,PG,21,BRK,48,1048,6.9,.469,.267,.189,1.6,10.0,5.8,20.2,1.2,1.7,21.0,18.6,,-1.4,0.4,-1.0,-0.044,,-5.0,-0.8,-5.8,-1.0
